"";"Pic_Name";"eff_LAI";"act_LAI";"Gap_Frac";"Mean_Leaf_Angle";"Rings";"Azimuths"
"1";"GSAH1000.JPG";3,05;3,05;15,555;86;1;1
"2";"GSAH1001.JPG";2,99;2,99;16,092;64;1;1
"3";"GSAH1002.JPG";3,29;3,29;13,451;86;1;1
"4";"GSAH1003.JPG";2,78;2,78;18,351;25;1;1
"5";"GSAH1004.JPG";2,78;2,78;18,281;68;1;1
"6";"GSAH1005.JPG";3,28;3,28;13,516;62;1;1
"7";"GSAH1006.JPG";2,27;2,27;25,056;80;1;1
"8";"GSAH1007.JPG";2,1;2,1;27,82;78;1;1
"9";"GSAH1008.JPG";2,07;2,07;28,277;24;1;1
"10";"GSAH1009.JPG";2,09;2,09;27,897;78;1;1
"11";"GSAH1010.JPG";1,95;1,95;30,494;77;1;1
"12";"GSAH1011.JPG";1,86;1,86;32,174;22;1;1
"13";"GSAH1012.JPG";1,41;1,41;42,283;77;1;1
"14";"GSAH1013.JPG";1,39;1,39;42,739;69;1;1
"15";"GSAH1014.JPG";1,27;1,27;46,029;78;1;1
"16";"GSAH1015.JPG";2,06;2,06;28,427;67;1;1
"17";"GSAH1016.JPG";3,2;3,2;14,224;70;1;1
"18";"GSAH1017.JPG";4,52;4,52;6,342;85;1;1
"19";"GSAH1018.JPG";4,35;4,35;7,039;66;1;1
"20";"GSAH1019.JPG";5,32;5,32;3,895;76;1;1
"21";"GSAH1020.JPG";6,07;6,07;2,454;69;1;1
"22";"GSAH1021.JPG";3,95;3,95;8,987;85;1;1
"23";"GSAH1022.JPG";3,95;3,95;8,964;81;1;1
"24";"GSAH1023.JPG";3,72;3,72;10,305;78;1;1
"25";"GSAH1024.JPG";3,94;3,94;9,05;53;1;1
"26";"GSAH1025.JPG";3,71;3,71;10,416;77;1;1
"27";"GSAH1026.JPG";3,94;3,94;9,02;86;1;1
"28";"GSAH1027.JPG";3,36;3,36;12,824;64;1;1
"29";"GSAH1028.JPG";3,21;3,21;14,096;66;1;1
"30";"GSAH1029.JPG";3,5;3,5;11,776;86;1;1
"31";"GSAH1030.JPG";3,4;3,4;12,56;45;1;1
"32";"GSAH1031.JPG";3,54;3,54;11,522;78;1;1
"33";"GSAH1032.JPG";3,67;3,67;10,615;81;1;1
"34";"GSAH1033.JPG";3,47;3,47;12,044;78;1;1
"35";"GSAH1034.JPG";3,34;3,34;13,055;81;1;1
"36";"GSAH1035.JPG";3,21;3,21;14,122;70;1;1
"37";"GSAH1036.JPG";3,3;3,3;13,346;69;1;1
"38";"GSAH1037.JPG";3,58;3,58;11,256;14;1;1
"39";"GSAH1038.JPG";3,62;3,62;11,002;85;1;1
"40";"GSAH1039.JPG";3,5;3,5;11,781;86;1;1
"41";"GSAH1040.JPG";3,19;3,19;14,309;69;1;1
"42";"GSAH1041.JPG";3,1;3,1;15,065;70;1;1
"43";"GSAH1042.JPG";2,82;2,82;17,875;68;1;1
"44";"GSAH1043.JPG";3,25;3,25;13,745;69;1;1
"45";"GSAH1044.JPG";3,4;3,4;12,546;76;1;1
"46";"GSAH1045.JPG";3,25;3,25;13,716;69;1;1
"47";"GSAH1046.JPG";3,08;3,08;15,226;67;1;1
"48";"GSAH1047.JPG";2,72;2,72;19,036;70;1;1
"49";"GSAH1048.JPG";3,12;3,12;14,89;64;1;1
"50";"GSAH1049.JPG";3,07;3,07;15,357;67;1;1
"51";"GSAH1050.JPG";3,07;3,07;15,364;64;1;1
"52";"GSAH1051.JPG";3,02;3,02;15,812;69;1;1
"53";"GSAH1052.JPG";2,71;2,71;19,15;78;1;1
"54";"GSAH1053.JPG";3,11;3,11;14,972;78;1;1
"55";"GSAH1054.JPG";3,38;3,38;12,706;14;1;1
"56";"GSAH1055.JPG";2,71;2,71;19,176;78;1;1
"57";"GSAH1056.JPG";3,17;3,17;14,487;64;1;1
"58";"GSAH1057.JPG";2,85;2,85;17,59;86;1;1
"59";"GSAH1058.JPG";3,15;3,15;14,607;82;1;1
"60";"GSAH1059.JPG";3,44;3,44;12,238;86;1;1
"61";"GSAH1060.JPG";2,79;2,79;18,219;64;1;1
"62";"GSAH1061.JPG";2,3;2,3;24,616;69;1;1
"63";"GSAH1062.JPG";2,25;2,25;25,308;67;1;1
"64";"GSAH1063.JPG";2,39;2,39;23,191;64;1;1
"65";"GSAH1064.JPG";2,15;2,15;26,939;70;1;1
"66";"GSAH1065.JPG";1,57;1,57;38,298;77;1;1
"67";"GSAH1066.JPG";1,55;1,55;38,852;77;1;1
"68";"GSAH1067.JPG";1,54;1,54;38,999;81;1;1
"69";"GSAH1068.JPG";1,49;1,49;40,16;63;1;1
"70";"GSAH1069.JPG";3,51;3,51;11,764;82;1;1
"71";"GSAH1070.JPG";3,55;3,55;11,447;70;1;1
"72";"GSAH1071.JPG";4,32;4,32;7,138;67;1;1
"73";"GSAH1072.JPG";3,7;3,7;10,483;25;1;1
"74";"GSAH1073.JPG";3,34;3,34;13,045;77;1;1
"75";"GSAH1074.JPG";3,42;3,42;12,379;57;1;1
"76";"GSAH1075.JPG";3,21;3,21;14,091;86;1;1
"77";"GSAH1076.JPG";3,18;3,18;14,32;67;1;1
"78";"GSAH1077.JPG";3,19;3,19;14,242;78;1;1
"79";"GSAH1078.JPG";3,32;3,32;13,188;69;1;1
"80";"GSAH1079.JPG";3,49;3,49;11,901;81;1;1
"81";"GSAH1080.JPG";3,18;3,18;14,324;24;1;1
"82";"GSAH1081.JPG";3,76;3,76;10,063;79;1;1
"83";"GSAH1082.JPG";2,92;2,92;16,82;81;1;1
"84";"GSAH1083.JPG";3,16;3,16;14,488;58;1;1
"85";"GSAH1084.JPG";3,12;3,12;14,935;69;1;1
"86";"GSAH1085.JPG";3,29;3,29;13,464;77;1;1
"87";"GSAH1086.JPG";3,57;3,57;11,323;66;1;1
"88";"GSAH1087.JPG";3,1;3,1;15,041;67;1;1
"89";"GSAH1088.JPG";3,43;3,43;12,354;62;1;1
"90";"GSAH1089.JPG";3,31;3,31;13,238;80;1;1
"91";"GSAH1090.JPG";3,09;3,09;15,126;24;1;1
"92";"GSAH1091.JPG";4,26;4,26;7,448;76;1;1
"93";"GSAH1092.JPG";3,64;3,64;10,869;66;1;1
"94";"GSAH1093.JPG";2,93;2,93;16,711;69;1;1
"95";"GSAH1094.JPG";3,33;3,33;13,089;62;1;1
"96";"GSAH1095.JPG";3,78;3,78;9,97;67;1;1
"97";"GSAH1096.JPG";2,95;2,95;16,479;77;1;1
"98";"GSAH1097.JPG";3,3;3,3;13,354;78;1;1
"99";"GSAH1098.JPG";3,06;3,06;15,469;69;1;1
"100";"GSAH1099.JPG";2,87;2,87;17,305;70;1;1
"101";"GSAH1100.JPG";2,95;2,95;16,532;64;1;1
"102";"GSAH1101.JPG";2,68;2,68;19,495;63;1;1
"103";"GSAH1102.JPG";2,68;2,68;19,456;86;1;1
"104";"GSAH1103.JPG";2,69;2,69;19,389;78;1;1
"105";"GSAH1104.JPG";2,44;2,44;22,51;77;1;1
"106";"GSAH1105.JPG";2,91;2,91;16,878;13;1;1
"107";"GSAH1106.JPG";2,96;2,96;16,415;77;1;1
"108";"GSAH1107.JPG";2,62;2,62;20,157;67;1;1
"109";"GSAH1108.JPG";2,81;2,81;18,006;70;1;1
"110";"GSAH1109.JPG";2,71;2,71;19,113;82;1;1
"111";"GSAH1110.JPG";3,04;3,04;15,633;62;1;1
"112";"GSAH1111.JPG";2,43;2,43;22,667;86;1;1
"113";"GSAH1112.JPG";2,58;2,58;20,735;68;1;1
"114";"GSAH1113.JPG";2,53;2,53;21,398;76;1;1
"115";"GSAH1114.JPG";2,53;2,53;21,383;78;1;1
"116";"GSAH1115.JPG";2,42;2,42;22,884;67;1;1
"117";"GSAH1116.JPG";2,64;2,64;20,007;81;1;1
"118";"GSAH1117.JPG";2,55;2,55;21,131;25;1;1
"119";"GSAH1118.JPG";2,06;2,06;28,394;67;1;1
"120";"GSAH1119.JPG";1,55;1,55;38,738;62;1;1
"121";"GSAH1120.JPG";1,38;1,38;43,156;68;1;1
"122";"GSAH1121.JPG";1,36;1,36;43,721;66;1;1
"123";"GSAH1122.JPG";1,74;1,74;34,567;85;1;1
"124";"GSAH1123.JPG";3,04;3,04;15,597;70;1;1
"125";"GSAH1124.JPG";4,2;4,2;7,697;64;1;1
"126";"GSAH1125.JPG";4,65;4,65;5,849;76;1;1
"127";"GSAH1126.JPG";4,93;4,93;4,919;81;1;1
"128";"GSAH1127.JPG";1,56;1,56;38,646;64;1;1
"129";"GSAH1128.JPG";1,56;1,56;38,544;69;1;1
"130";"GSAH1129.JPG";2,43;2,43;22,752;64;1;1
"131";"GSAH1130.JPG";2,63;2,63;20,092;70;1;1
"132";"GSAH1131.JPG";2,75;2,75;18,648;86;1;1
"133";"GSAH1132.JPG";3,31;3,31;13,266;64;1;1
"134";"GSAH1133.JPG";3,19;3,19;14,264;78;1;1
"135";"GSAH1134.JPG";2,87;2,87;17,325;78;1;1
"136";"GSAH1135.JPG";3,27;3,27;13,627;84;1;1
"137";"GSAH1136.JPG";3,3;3,3;13,329;78;1;1
"138";"GSAH1137.JPG";2,97;2,97;16,301;69;1;1
"139";"GSAH1138.JPG";2,86;2,86;17,492;78;1;1
"140";"GSAH1139.JPG";3,18;3,18;14,395;25;1;1
"141";"GSAH1140.JPG";3,77;3,77;9,992;67;1;1
"142";"GSAH1141.JPG";3,63;3,63;10,9;67;1;1
"143";"GSAH1142.JPG";3,43;3,43;12,346;81;1;1
"144";"GSAH1143.JPG";3,31;3,31;13,265;81;1;1
"145";"GSAH1144.JPG";3,28;3,28;13,52;77;1;1
"146";"GSAH1145.JPG";2,91;2,91;16,937;68;1;1
"147";"GSAH1146.JPG";3,17;3,17;14,44;64;1;1
"148";"GSAH1147.JPG";3,55;3,55;11,468;54;1;1
"149";"GSAH1148.JPG";3,62;3,62;11,003;55;1;1
"150";"GSAH1149.JPG";3,27;3,27;13,578;85;1;1
"151";"GSAH1150.JPG";3,26;3,26;13,69;64;1;1
"152";"GSAH1151.JPG";3,4;3,4;12,524;78;1;1
"153";"GSAH1152.JPG";3,22;3,22;13,981;17;1;1
"154";"GSAH1153.JPG";3,04;3,04;15,68;64;1;1
"155";"GSAH1154.JPG";3;3;15,998;69;1;1
"156";"GSAH1155.JPG";3,2;3,2;14,162;64;1;1
"157";"GSAH1156.JPG";3,04;3,04;15,676;69;1;1
"158";"GSAH1157.JPG";3,13;3,13;14,785;14;1;1
"159";"GSAH1158.JPG";3,2;3,2;14,15;69;1;1
"160";"GSAH1159.JPG";3,45;3,45;12,185;64;1;1
"161";"GSAH1160.JPG";3,36;3,36;12,872;24;1;1
"162";"GSAH1161.JPG";3,48;3,48;11,96;14;1;1
"163";"GSAH1162.JPG";3,02;3,02;15,809;78;1;1
"164";"GSAH1163.JPG";2,76;2,76;18,551;64;1;1
"165";"GSAH1164.JPG";2,59;2,59;20,527;86;1;1
"166";"GSAH1165.JPG";2,65;2,65;19,787;84;1;1
"167";"GSAH1166.JPG";2,96;2,96;16,411;69;1;1
"168";"GSAH1167.JPG";3,08;3,08;15,25;66;1;1
"169";"GSAH1168.JPG";3,42;3,42;12,404;70;1;1
"170";"GSAH1169.JPG";2,98;2,98;16,201;78;1;1
"171";"GSAH1170.JPG";3,24;3,24;13,842;86;1;1
"172";"GSAH1171.JPG";2,86;2,86;17,5;86;1;1
"173";"GSAH1172.JPG";2,82;2,82;17,931;25;1;1
"174";"GSAH1173.JPG";2,82;2,82;17,836;77;1;1
"175";"GSAH1174.JPG";2,86;2,86;17,428;81;1;1
"176";"GSAH1175.JPG";2,99;2,99;16,104;67;1;1
"177";"GSAH1176.JPG";3,05;3,05;15,505;77;1;1
"178";"GSAH1177.JPG";3,2;3,2;14,197;70;1;1
"179";"GSAH1178.JPG";3,13;3,13;14,786;67;1;1
"180";"GSAH1179.JPG";3,16;3,16;14,523;70;1;1
"181";"GSAH1180.JPG";3,19;3,19;14,25;77;1;1
"182";"GSAH1181.JPG";3,24;3,24;13,871;82;1;1
"183";"GSAH1182.JPG";3,06;3,06;15,421;69;1;1
"184";"GSAH1183.JPG";3,42;3,42;12,433;70;1;1
"185";"GSAH1184.JPG";2,8;2,8;18,059;62;1;1
"186";"GSAH1185.JPG";1,64;1,64;36,731;86;1;1
"187";"GSAH1186.JPG";1,51;1,51;39,836;78;1;1
"188";"GSAH1187.JPG";2,62;2,62;20,252;70;1;1
"189";"GSAH1188.JPG";4,53;4,53;6,296;62;1;1
"190";"GSAH1189.JPG";3,83;3,83;9,674;81;1;1
"191";"GSAH1190.JPG";3,56;3,56;11,387;64;1;1
"192";"GSAH1191.JPG";3,02;3,02;15,869;78;1;1
"193";"GSAH1192.JPG";3,25;3,25;13,726;14;1;1
"194";"GSAH1193.JPG";2,84;2,84;17,656;70;1;1
"195";"GSAH1194.JPG";2,77;2,77;18,45;86;1;1
"196";"GSAH1195.JPG";2,94;2,94;16,636;69;1;1
"197";"GSAH1196.JPG";2,89;2,89;17,132;65;1;1
"198";"GSAH1197.JPG";3,51;3,51;11,762;82;1;1
"199";"GSAH1198.JPG";3,14;3,14;14,717;64;1;1
"200";"GSAH1199.JPG";3,53;3,53;11,563;69;1;1
"201";"GSAH1200.JPG";4,02;4,02;8,586;81;1;1
"202";"GSAH1201.JPG";3,16;3,16;14,489;67;1;1
"203";"GSAH1202.JPG";3,15;3,15;14,583;67;1;1
"204";"GSAH1203.JPG";2,99;2,99;16,166;69;1;1
"205";"GSAH1204.JPG";2,82;2,82;17,869;78;1;1
"206";"GSAH1205.JPG";3,01;3,01;15,898;53;1;1
"207";"GSAH1206.JPG";3,24;3,24;13,872;53;1;1
"208";"GSAH1207.JPG";3,92;3,92;9,128;84;1;1
"209";"GSAH1208.JPG";2,92;2,92;16,823;69;1;1
"210";"GSAH1209.JPG";3,36;3,36;12,836;64;1;1
"211";"GSAH1210.JPG";3,33;3,33;13,131;86;1;1
"212";"GSAH1211.JPG";3,6;3,6;11,133;80;1;1
"213";"GSAH1212.JPG";2,88;2,88;17,218;64;1;1
"214";"GSAH1213.JPG";2,94;2,94;16,624;86;1;1
"215";"GSAH1214.JPG";2,9;2,9;17,075;70;1;1
"216";"GSAH1215.JPG";2,75;2,75;18,631;64;1;1
"217";"GSAH1216.JPG";2,78;2,78;18,286;64;1;1
"218";"GSAH1217.JPG";2,66;2,66;19,747;66;1;1
"219";"GSAH1218.JPG";2,81;2,81;18;24;1;1
"220";"GSAH1219.JPG";2,87;2,87;17,315;76;1;1
"221";"GSAH1220.JPG";2,75;2,75;18,629;67;1;1
"222";"GSAH1221.JPG";2,83;2,83;17,821;70;1;1
"223";"GSAH1222.JPG";2,68;2,68;19,498;64;1;1
"224";"GSAH1223.JPG";2,91;2,91;16,973;67;1;1
"225";"GSAH1224.JPG";2,96;2,96;16,457;69;1;1
"226";"GSAH1225.JPG";3,07;3,07;15,338;69;1;1
"227";"GSAH1226.JPG";2,72;2,72;18,995;66;1;1
"228";"GSAH1227.JPG";2,86;2,86;17,422;84;1;1
"229";"GSAH1228.JPG";2,97;2,97;16,364;78;1;1
"230";"GSAH1229.JPG";2,95;2,95;16,545;69;1;1
"231";"GSAH1230.JPG";3,04;3,04;15,652;81;1;1
"232";"GSAH1231.JPG";2,77;2,77;18,418;77;1;1
"233";"GSAH1232.JPG";2,84;2,84;17,709;76;1;1
"234";"GSAH1233.JPG";3,56;3,56;11,417;82;1;1
"235";"GSAH1234.JPG";3,6;3,6;11,127;79;1;1
"236";"GSAH1235.JPG";3,19;3,19;14,226;70;1;1
"237";"GSAH1236.JPG";3,28;3,28;13,525;81;1;1
"238";"GSAH1237.JPG";3,01;3,01;15,918;62;1;1
"239";"GSAH1238.JPG";3,09;3,09;15,154;66;1;1
"240";"GSAH1239.JPG";2,97;2,97;16,348;85;1;1
"241";"GSAH1240.JPG";3,19;3,19;14,289;53;1;1
"242";"GSAH1241.JPG";3,68;3,68;10,576;81;1;1
"243";"GSAH1242.JPG";3,59;3,59;11,157;45;1;1
"244";"GSAH1243.JPG";3,37;3,37;12,774;85;1;1
"245";"GSAH1244.JPG";3,29;3,29;13,445;67;1;1
"246";"GSAH1245.JPG";3,5;3,5;11,837;64;1;1
"247";"GSAH1246.JPG";3,41;3,41;12,501;86;1;1
"248";"GSAH1247.JPG";3,38;3,38;12,716;70;1;1
"249";"GSAH1248.JPG";2,95;2,95;16,487;77;1;1
"250";"GSAH1249.JPG";3,04;3,04;15,659;64;1;1
"251";"GSAH1250.JPG";2,99;2,99;16,133;69;1;1
"252";"GSAH1251.JPG";3,2;3,2;14,195;69;1;1
"253";"GSAH1252.JPG";3,14;3,14;14,712;81;1;1
"254";"GSAH1253.JPG";3,23;3,23;13,965;70;1;1
"255";"GSAH1254.JPG";3,38;3,38;12,708;77;1;1
"256";"GSAH1255.JPG";3,17;3,17;14,415;66;1;1
"257";"GSAH1256.JPG";3,15;3,15;14,617;81;1;1
"258";"GSAH1257.JPG";3,17;3,17;14,478;66;1;1
"259";"GSAH1258.JPG";3,15;3,15;14,648;45;1;1
"260";"GSAH1259.JPG";3,03;3,03;15,696;77;1;1
"261";"GSAH1260.JPG";2,98;2,98;16,236;67;1;1
"262";"GSAH1261.JPG";2,68;2,68;19,451;78;1;1
"263";"GSAH1262.JPG";2,82;2,82;17,875;69;1;1
"264";"GSAH1263.JPG";2,31;2,31;24,432;70;1;1
"265";"GSAH1264.JPG";2,36;2,36;23,678;84;1;1
"266";"GSAH1265.JPG";1,6;1,6;37,643;78;1;1
"267";"GSAH1266.JPG";2,35;2,35;23,785;39;1;1
"268";"GSAH1267.JPG";4,17;4,17;7,852;69;1;1
"269";"GSAH1268.JPG";4,55;4,55;6,223;64;1;1
"270";"GSAH1269.JPG";3,31;3,31;13,297;13;1;1
"271";"GSAH1270.JPG";3,38;3,38;12,672;64;1;1
"272";"GSAH1271.JPG";3,99;3,99;8,756;82;1;1
"273";"GSAH1272.JPG";4,66;4,66;5,799;67;1;1
"274";"GSAH1273.JPG";4,75;4,75;5,5;68;1;1
"275";"GSAH1274.JPG";3,75;3,75;10,132;78;1;1
"276";"GSAH1275.JPG";4,02;4,02;8,585;70;1;1
"277";"GSAH1276.JPG";3,21;3,21;14,108;64;1;1
"278";"GSAH1277.JPG";3,51;3,51;11,702;63;1;1
"279";"GSAH1278.JPG";4,04;4,04;8,479;86;1;1
"280";"GSAH1279.JPG";3,8;3,8;9,827;76;1;1
"281";"GSAH1280.JPG";3,35;3,35;12,947;86;1;1
"282";"GSAH1281.JPG";3,42;3,42;12,419;80;1;1
"283";"GSAH1282.JPG";3,29;3,29;13,46;70;1;1
"284";"GSAH1283.JPG";3,79;3,79;9,894;67;1;1
"285";"GSAH1284.JPG";3,99;3,99;8,779;69;1;1
"286";"GSAH1285.JPG";3,32;3,32;13,216;68;1;1
"287";"GSAH1286.JPG";3,08;3,08;15,215;64;1;1
"288";"GSAH1287.JPG";2,94;2,94;16,601;67;1;1
"289";"GSAH1288.JPG";3,46;3,46;12,124;62;1;1
"290";"GSAH1289.JPG";3,57;3,57;11,299;81;1;1
"291";"GSAH1290.JPG";3,15;3,15;14,593;69;1;1
"292";"GSAH1291.JPG";2,35;2,35;23,795;85;1;1
"293";"GSAH1292.JPG";2,73;2,73;18,893;67;1;1
"294";"GSAH1293.JPG";2,88;2,88;17,231;69;1;1
"295";"GSAH1294.JPG";3,03;3,03;15,752;86;1;1
"296";"GSAH1295.JPG";2,83;2,83;17,793;67;1;1
"297";"GSAH1296.JPG";3,05;3,05;15,569;82;1;1
"298";"GSAH1297.JPG";3,81;3,81;9,784;80;1;1
"299";"GSAH1298.JPG";3,98;3,98;8,8;76;1;1
"300";"GSAH1299.JPG";3,78;3,78;9,943;56;1;1
"301";"GSAH1300.JPG";2,99;2,99;16,147;78;1;1
"302";"GSAH1301.JPG";3,29;3,29;13,4;25;1;1
"303";"GSAH1302.JPG";2,91;2,91;16,919;69;1;1
"304";"GSAH1303.JPG";3;3;16,026;81;1;1
"305";"GSAH1304.JPG";3,09;3,09;15,142;46;1;1
"306";"GSAH1305.JPG";3,23;3,23;13,945;62;1;1
"307";"GSAH1306.JPG";3,24;3,24;13,805;82;1;1
"308";"GSAH1307.JPG";2,87;2,87;17,376;67;1;1
"309";"GSAH1308.JPG";2,77;2,77;18,491;58;1;1
"310";"GSAH1309.JPG";2,9;2,9;17,037;78;1;1
"311";"GSAH1310.JPG";2,5;2,5;21,775;65;1;1
"312";"GSAH1311.JPG";2,77;2,77;18,448;66;1;1
"313";"GSAH1312.JPG";2,92;2,92;16,802;67;1;1
"314";"GSAH1313.JPG";3,05;3,05;15,512;70;1;1
"315";"GSAH1314.JPG";3,13;3,13;14,795;76;1;1
"316";"GSAH1315.JPG";2,95;2,95;16,486;53;1;1
"317";"GSAH1316.JPG";2,89;2,89;17,176;77;1;1
"318";"GSAH1317.JPG";2,61;2,61;20,338;70;1;1
"319";"GSAH1318.JPG";1,74;1,74;34,668;70;1;1
"320";"GSAH1319.JPG";1,6;1,6;37,574;76;1;1
"321";"GSAH1320.JPG";1,86;1,86;32,16;64;1;1
"322";"GSAH1321.JPG";3,33;3,33;13,086;45;1;1
"323";"GSAH1322.JPG";4,21;4,21;7,644;58;1;1
"324";"GSAH1323.JPG";3,6;3,6;11,087;81;1;1
"325";"GSAH1324.JPG";3,2;3,2;14,197;77;1;1
"326";"GSAH1325.JPG";2,79;2,79;18,269;67;1;1
"327";"GSAH1326.JPG";2,62;2,62;20,262;78;1;1
"328";"GSAH1327.JPG";2,5;2,5;21,73;69;1;1
"329";"GSAH1328.JPG";2,55;2,55;21,054;69;1;1
"330";"GSAH1329.JPG";2,63;2,63;20,126;80;1;1
"331";"GSAH1330.JPG";2,79;2,79;18,181;67;1;1
"332";"GSAH1331.JPG";2,93;2,93;16,77;86;1;1
"333";"GSAH1332.JPG";3,2;3,2;14,209;46;1;1
"334";"GSAH1333.JPG";3,07;3,07;15,328;77;1;1
"335";"GSAH1334.JPG";3,12;3,12;14,882;63;1;1
"336";"GSAH1335.JPG";3,16;3,16;14,53;67;1;1
"337";"GSAH1336.JPG";2,95;2,95;16,49;64;1;1
"338";"GSAH1337.JPG";2,92;2,92;16,832;70;1;1
"339";"GSAH1338.JPG";2,61;2,61;20,284;64;1;1
"340";"GSAH1339.JPG";2,72;2,72;18,962;64;1;1
"341";"GSAH1340.JPG";2,66;2,66;19,74;68;1;1
"342";"GSAH1341.JPG";2,65;2,65;19,841;81;1;1
"343";"GSAH1342.JPG";3,33;3,33;13,104;70;1;1
"344";"GSAH1343.JPG";3,26;3,26;13,68;25;1;1
"345";"GSAH1344.JPG";3,11;3,11;14,948;86;1;1
"346";"GSAH1345.JPG";3,17;3,17;14,434;82;1;1
"347";"GSAH1346.JPG";2,53;2,53;21,391;81;1;1
"348";"GSAH1347.JPG";2,9;2,9;16,98;64;1;1
"349";"GSAH1348.JPG";3;3;16,032;68;1;1
"350";"GSAH1349.JPG";3,15;3,15;14,624;69;1;1
"351";"GSAH1350.JPG";3,02;3,02;15,82;70;1;1
"352";"GSAH1351.JPG";3,19;3,19;14,278;63;1;1
"353";"GSAH1352.JPG";3,3;3,3;13,355;64;1;1
"354";"GSAH1353.JPG";3,33;3,33;13,134;81;1;1
"355";"GSAH1354.JPG";3,7;3,7;10,46;77;1;1
"356";"GSAH1355.JPG";3,49;3,49;11,887;77;1;1
"357";"GSAH1356.JPG";2,8;2,8;18,084;77;1;1
"358";"GSAH1357.JPG";3,47;3,47;12,061;82;1;1
"359";"GSAH1358.JPG";3,33;3,33;13,1;82;1;1
"360";"GSAH1359.JPG";3,16;3,16;14,508;81;1;1
"361";"GSAH1360.JPG";2,9;2,9;16,983;64;1;1
"362";"GSAH1361.JPG";2,85;2,85;17,559;81;1;1
"363";"GSAH1362.JPG";2,76;2,76;18,58;62;1;1
"364";"GSAH1363.JPG";2,94;2,94;16,647;64;1;1
"365";"GSAH1364.JPG";3,35;3,35;12,972;78;1;1
"366";"GSAH1365.JPG";3,01;3,01;15,918;78;1;1
"367";"GSAH1366.JPG";3,07;3,07;15,319;86;1;1
"368";"GSAH1367.JPG";2,73;2,73;18,873;81;1;1
"369";"GSAH1368.JPG";2,68;2,68;19,44;64;1;1
"370";"GSAH1369.JPG";2,68;2,68;19,537;66;1;1
"371";"GSAH1370.JPG";2,78;2,78;18,27;53;1;1
"372";"GSAH1371.JPG";2,43;2,43;22,689;64;1;1
"373";"GSAH1372.JPG";2,14;2,14;27,091;67;1;1
"374";"GSAH1373.JPG";1,92;1,92;30,942;80;1;1
"375";"GSAH1374.JPG";1,84;1,84;32,461;81;1;1
"376";"GSAH1375.JPG";1,4;1,4;42,42;78;1;1
"377";"GSAH1376.JPG";1,42;1,42;42,09;70;1;1
"378";"GSAH1377.JPG";1,95;1,95;30,452;66;1;1
"379";"GSAH1378.JPG";3,72;3,72;10,307;78;1;1
"380";"GSAH1379.JPG";2,73;2,73;18,95;77;1;1
"381";"GSAH1380.JPG";3,15;3,15;14,633;80;1;1
"382";"GSAH1381.JPG";3,3;3,3;13,375;85;1;1
"383";"GSAH1382.JPG";3,18;3,18;14,319;81;1;1
"384";"GSAH1383.JPG";3,07;3,07;15,321;64;1;1
"385";"GSAH1384.JPG";2,96;2,96;16,39;78;1;1
"386";"GSAH1385.JPG";3,19;3,19;14,252;86;1;1
"387";"GSAH1386.JPG";3,08;3,08;15,283;82;1;1
"388";"GSAH1387.JPG";3,18;3,18;14,33;53;1;1
"389";"GSAH1388.JPG";3,46;3,46;12,088;81;1;1
"390";"GSAH1389.JPG";3,05;3,05;15,51;70;1;1
"391";"GSAH1390.JPG";2,9;2,9;17,022;52;1;1
"392";"GSAH1391.JPG";3,43;3,43;12,356;70;1;1
"393";"GSAH1392.JPG";3,44;3,44;12,25;85;1;1
"394";"GSAH1393.JPG";3,11;3,11;14,938;70;1;1
"395";"GSAH1394.JPG";3,19;3,19;14,28;70;1;1
"396";"GSAH1395.JPG";3,22;3,22;13,984;64;1;1
"397";"GSAH1396.JPG";2,72;2,72;19,023;80;1;1
"398";"GSAH1397.JPG";3,34;3,34;13,014;69;1;1
"399";"GSAH1398.JPG";2,94;2,94;16,571;77;1;1
"400";"GSAH1399.JPG";2,62;2,62;20,214;67;1;1
"401";"GSAH1400.JPG";2,43;2,43;22,672;78;1;1
"402";"GSAH1401.JPG";2,64;2,64;19,909;67;1;1
"403";"GSAH1402.JPG";2,81;2,81;17,951;64;1;1
"404";"GSAH1403.JPG";2,72;2,72;19,003;63;1;1
"405";"GSAH1404.JPG";2,37;2,37;23,607;64;1;1
"406";"GSAH1405.JPG";2,55;2,55;21,148;78;1;1
"407";"GSAH1406.JPG";2,83;2,83;17,728;68;1;1
"408";"GSAH1407.JPG";3,17;3,17;14,476;63;1;1
"409";"GSAH1408.JPG";3,08;3,08;15,259;77;1;1
"410";"GSAH1409.JPG";3,16;3,16;14,506;67;1;1
"411";"GSAH1410.JPG";3,54;3,54;11,507;69;1;1
"412";"GSAH1411.JPG";3,48;3,48;11,927;81;1;1
"413";"GSAH1412.JPG";3,38;3,38;12,736;63;1;1
"414";"GSAH1413.JPG";3,04;3,04;15,649;77;1;1
"415";"GSAH1414.JPG";2,76;2,76;18,557;77;1;1
"416";"GSAH1415.JPG";2,69;2,69;19,34;69;1;1
"417";"GSAH1416.JPG";3,05;3,05;15,525;69;1;1
"418";"GSAH1417.JPG";2,88;2,88;17,189;69;1;1
"419";"GSAH1418.JPG";3,03;3,03;15,703;69;1;1
"420";"GSAH1419.JPG";3,07;3,07;15,373;63;1;1
"421";"GSAH1420.JPG";2,88;2,88;17,21;69;1;1
"422";"GSAH1421.JPG";2,29;2,29;24,641;81;1;1
"423";"GSAH1422.JPG";1,84;1,84;32,582;78;1;1
"424";"GSAH1423.JPG";1,81;1,81;33,03;70;1;1
"425";"GSAH1424.JPG";2,41;2,41;22,986;63;1;1
"426";"GSAH1425.JPG";4,13;4,13;8,016;85;1;1
"427";"GSAH1426.JPG";4,18;4,18;7,807;69;1;1
"428";"GSAH1427.JPG";3,45;3,45;12,154;64;1;1
"429";"GSAH1428.JPG";3,26;3,26;13,664;70;1;1
"430";"GSAH1429.JPG";3,2;3,2;14,211;78;1;1
"431";"GSAH1430.JPG";2,84;2,84;17,623;69;1;1
"432";"GSAH1431.JPG";2,8;2,8;18,089;68;1;1
"433";"GSAH1432.JPG";3,02;3,02;15,836;66;1;1
"434";"GSAH1433.JPG";2,81;2,81;18,018;86;1;1
"435";"GSAH1434.JPG";3,06;3,06;15,443;62;1;1
"436";"GSAH1435.JPG";3,33;3,33;13,062;78;1;1
"437";"GSAH1436.JPG";3,14;3,14;14,701;69;1;1
"438";"GSAH1437.JPG";2,84;2,84;17,663;77;1;1
"439";"GSAH1438.JPG";2,95;2,95;16,5;76;1;1
"440";"GSAH1439.JPG";2,93;2,93;16,68;81;1;1
"441";"GSAH1440.JPG";2,57;2,57;20,859;64;1;1
"442";"GSAH1441.JPG";2,96;2,96;16,413;70;1;1
"443";"GSAH1442.JPG";2,79;2,79;18,163;69;1;1
"444";"GSAH1443.JPG";2,79;2,79;18,24;76;1;1
"445";"GSAH1444.JPG";2,59;2,59;20,639;64;1;1
"446";"GSAH1445.JPG";2,68;2,68;19,514;67;1;1
"447";"GSAH1446.JPG";2,93;2,93;16,723;69;1;1
"448";"GSAH1447.JPG";3,54;3,54;11,536;82;1;1
"449";"GSAH1448.JPG";3,39;3,39;12,597;86;1;1
"450";"GSAH1449.JPG";3,56;3,56;11,373;77;1;1
"451";"GSAH1450.JPG";3,12;3,12;14,885;86;1;1
"452";"GSAH1451.JPG";3,25;3,25;13,719;78;1;1
"453";"GSAH1452.JPG";3,61;3,61;11,012;67;1;1
"454";"GSAH1453.JPG";3,32;3,32;13,146;82;1;1
"455";"GSAH1454.JPG";2,95;2,95;16,476;64;1;1
"456";"GSAH1455.JPG";2,92;2,92;16,857;70;1;1
"457";"GSAH1456.JPG";3,13;3,13;14,8;77;1;1
"458";"GSAH1457.JPG";2,92;2,92;16,809;64;1;1
"459";"GSAH1458.JPG";3,06;3,06;15,408;62;1;1
"460";"GSAH1459.JPG";2,99;2,99;16,094;81;1;1
"461";"GSAH1460.JPG";2,95;2,95;16,529;69;1;1
"462";"GSAH1461.JPG";2,98;2,98;16,236;14;1;1
"463";"GSAH1462.JPG";2,97;2,97;16,311;86;1;1
"464";"GSAH1463.JPG";2,6;2,6;20,404;86;1;1
"465";"GSAH1464.JPG";2,79;2,79;18,162;68;1;1
"466";"GSAH1465.JPG";2,7;2,7;19,225;81;1;1
"467";"GSAH1466.JPG";2,73;2,73;18,872;76;1;1
"468";"GSAH1467.JPG";2,96;2,96;16,452;69;1;1
"469";"GSAH1468.JPG";2,15;2,15;26,971;86;1;1
"470";"GSAH1469.JPG";1,9;1,9;31,444;17;1;1
"471";"GSAH1470.JPG";1,53;1,53;39,378;61;1;1
"472";"GSAH1471.JPG";1,44;1,44;41,499;86;1;1
"473";"GSAH1472.JPG";1,71;1,71;35,121;80;1;1
"474";"GSAH1473.JPG";2,76;2,76;18,579;84;1;1
"475";"GSAH1474.JPG";1,3;1,3;45,261;78;1;1
"476";"GSAH1475.JPG";1,53;1,53;39,248;70;1;1
"477";"GSAH1476.JPG";1,62;1,62;37,194;69;1;1
"478";"GSAH1477.JPG";1,45;1,45;41,163;78;1;1
"479";"GSAH1478.JPG";2,66;2,66;19,765;67;1;1
"480";"GSAH1479.JPG";2,73;2,73;18,931;76;1;1
"481";"GSAH1480.JPG";2,66;2,66;19,715;86;1;1
"482";"GSAH1481.JPG";3,6;3,6;11,136;78;1;1
"483";"GSAH1482.JPG";2,63;2,63;20,048;86;1;1
"484";"GSAH1483.JPG";3,47;3,47;12,029;63;1;1
"485";"GSAH1484.JPG";3,96;3,96;8,904;78;1;1
"486";"GSAH1485.JPG";3,82;3,82;9,735;46;1;1
"487";"GSAH1486.JPG";3,46;3,46;12,114;65;1;1
"488";"GSAH1487.JPG";3,66;3,66;10,68;80;1;1
"489";"GSAH1488.JPG";3,45;3,45;12,16;84;1;1
"490";"GSAH1489.JPG";3,45;3,45;12,203;67;1;1
"491";"GSAH1490.JPG";3,8;3,8;9,805;66;1;1
"492";"GSAH1491.JPG";2,87;2,87;17,329;69;1;1
"493";"GSAH1492.JPG";2,86;2,86;17,48;69;1;1
"494";"GSAH1493.JPG";2,73;2,73;18,859;64;1;1
"495";"GSAH1494.JPG";2,8;2,8;18,075;70;1;1
"496";"GSAH1495.JPG";2,79;2,79;18,233;77;1;1
"497";"GSAH1496.JPG";3,25;3,25;13,786;70;1;1
"498";"GSAH1497.JPG";3,22;3,22;14;77;1;1
"499";"GSAH1498.JPG";3,12;3,12;14,903;86;1;1
"500";"GSAH1499.JPG";3,03;3,03;15,705;78;1;1
"501";"GSAH1500.JPG";2,92;2,92;16,843;77;1;1
"502";"GSAH1501.JPG";3,11;3,11;14,961;70;1;1
"503";"GSAH1502.JPG";2,7;2,7;19,253;67;1;1
"504";"GSAH1503.JPG";2,79;2,79;18,19;67;1;1
"505";"GSAH1504.JPG";2,8;2,8;18,114;68;1;1
"506";"GSAH1505.JPG";2,87;2,87;17,299;77;1;1
"507";"GSAH1506.JPG";2,35;2,35;23,861;86;1;1
"508";"GSAH1507.JPG";2,61;2,61;20,357;86;1;1
"509";"GSAH1508.JPG";2,64;2,64;19,956;86;1;1
"510";"GSAH1509.JPG";2,79;2,79;18,184;78;1;1
"511";"GSAH1510.JPG";2,73;2,73;18,89;69;1;1
"512";"GSAH1511.JPG";2,96;2,96;16,449;78;1;1
"513";"GSAH1512.JPG";2,84;2,84;17,704;76;1;1
"514";"GSAH1513.JPG";3,66;3,66;10,696;70;1;1
"515";"GSAH1514.JPG";3,79;3,79;9,922;68;1;1
"516";"GSAH1515.JPG";2,7;2,7;19,256;85;1;1
"517";"GSAH1516.JPG";3,21;3,21;14,08;70;1;1
"518";"GSAH1517.JPG";3,03;3,03;15,773;78;1;1
"519";"GSAH1518.JPG";3,21;3,21;14,097;64;1;1
"520";"GSAH1519.JPG";3,25;3,25;13,748;67;1;1
"521";"GSAH1520.JPG";3,35;3,35;12,971;78;1;1
"522";"GSAH1521.JPG";2,95;2,95;16,558;58;1;1
"523";"GSAH1522.JPG";2,84;2,84;17,645;63;1;1
"524";"GSAH1523.JPG";2,89;2,89;17,166;69;1;1
"525";"GSAH1524.JPG";2,89;2,89;17,124;86;1;1
"526";"GSAH1525.JPG";3,05;3,05;15,525;70;1;1
"527";"GSAH1526.JPG";3;3;16;69;1;1
"528";"GSAH1527.JPG";2,98;2,98;16,191;64;1;1
"529";"GSAH1528.JPG";3;3;16,023;81;1;1
"530";"GSAH1529.JPG";2,98;2,98;16,194;77;1;1
"531";"GSAH1530.JPG";3,49;3,49;11,855;76;1;1
"532";"GSAH1531.JPG";3,2;3,2;14,181;78;1;1
"533";"GSAH1532.JPG";2,46;2,46;22,3;77;1;1
"534";"GSAH1533.JPG";3,22;3,22;13,995;45;1;1
"535";"GSAH1534.JPG";3,34;3,34;13,015;86;1;1
"536";"GSAH1535.JPG";3,75;3,75;10,111;70;1;1
"537";"GSAH1536.JPG";3,92;3,92;9,157;67;1;1
"538";"GSAH1537.JPG";3,49;3,49;11,904;81;1;1
"539";"GSAH1538.JPG";3,6;3,6;11,115;79;1;1
"540";"GSAH1539.JPG";3,89;3,89;9,321;86;1;1
"541";"GSAH1540.JPG";3,88;3,88;9,392;64;1;1
"542";"GSAH1541.JPG";2,61;2,61;20,347;81;1;1
"543";"GSAH1542.JPG";2,5;2,5;21,797;64;1;1
"544";"GSAH1543.JPG";1,85;1,85;32,358;78;1;1
"545";"GSAH1544.JPG";2,49;2,49;21,903;64;1;1
"546";"GSAH1545.JPG";3,78;3,78;9,961;78;1;1
"547";"GSAH1546.JPG";3,52;3,52;11,658;78;1;1
"548";"GSAH1547.JPG";3,57;3,57;11,286;64;1;1
"549";"GSAH1548.JPG";3,58;3,58;11,218;78;1;1
"550";"GSAH1549.JPG";3,39;3,39;12,643;64;1;1
"551";"GSAH1550.JPG";3,37;3,37;12,78;78;1;1
"552";"GSAH1551.JPG";3,39;3,39;12,665;67;1;1
"553";"GSAH1552.JPG";3,55;3,55;11,472;64;1;1
"554";"GSAH1553.JPG";3,39;3,39;12,605;69;1;1
"555";"GSAH1554.JPG";3,08;3,08;15,241;68;1;1
"556";"GSAH1555.JPG";2,92;2,92;16,828;78;1;1
"557";"GSAH1556.JPG";2,99;2,99;16,082;69;1;1
"558";"GSAH1557.JPG";2,8;2,8;18,122;77;1;1
"559";"GSAH1558.JPG";2,74;2,74;18,776;81;1;1
"560";"GSAH1559.JPG";2,86;2,86;17,483;66;1;1
"561";"GSAH1560.JPG";2,88;2,88;17,189;68;1;1
"562";"GSAH1561.JPG";3,06;3,06;15,403;70;1;1
"563";"GSAH1562.JPG";3,23;3,23;13,933;70;1;1
"564";"GSAH1563.JPG";3,11;3,11;14,985;64;1;1
"565";"GSAH1564.JPG";3,27;3,27;13,619;78;1;1
"566";"GSAH1565.JPG";3,47;3,47;12,033;70;1;1
"567";"GSAH1566.JPG";2,76;2,76;18,535;84;1;1
"568";"GSAH1567.JPG";3,16;3,16;14,549;77;1;1
"569";"GSAH1568.JPG";2,86;2,86;17,49;78;1;1
"570";"GSAH1569.JPG";2,89;2,89;17,112;69;1;1
"571";"GSAH1570.JPG";3,06;3,06;15,462;66;1;1
"572";"GSAH1571.JPG";3,19;3,19;14,257;78;1;1
"573";"GSAH1572.JPG";2,84;2,84;17,696;86;1;1
"574";"GSAH1573.JPG";3,72;3,72;10,305;18;1;1
"575";"GSAH1574.JPG";2,61;2,61;20,268;70;1;1
"576";"GSAH1575.JPG";2,92;2,92;16,835;66;1;1
"577";"GSAH1576.JPG";2,6;2,6;20,421;70;1;1
"578";"GSAH1577.JPG";2,79;2,79;18,244;53;1;1
"579";"GSAH1578.JPG";2,75;2,75;18,626;68;1;1
"580";"GSAH1579.JPG";2,6;2,6;20,459;81;1;1
"581";"GSAH1580.JPG";2,9;2,9;17,018;70;1;1
"582";"GSAH1581.JPG";2,7;2,7;19,205;81;1;1
"583";"GSAH1582.JPG";3,08;3,08;15,233;75;1;1
"584";"GSAH1583.JPG";3,01;3,01;15,964;69;1;1
"585";"GSAH1584.JPG";3,17;3,17;14,44;70;1;1
"586";"GSAH1585.JPG";2,92;2,92;16,817;69;1;1
"587";"GSAH1586.JPG";3;3;16,031;63;1;1
"588";"GSAH1587.JPG";3,09;3,09;15,134;81;1;1
"589";"GSAH1588.JPG";3,49;3,49;11,888;64;1;1
"590";"GSAH1589.JPG";2,9;2,9;16,994;64;1;1
"591";"GSAH1590.JPG";2,77;2,77;18,402;67;1;1
"592";"GSAH1591.JPG";3;3;15,992;77;1;1
"593";"GSAH1592.JPG";3;3;16,071;69;1;1
"594";"GSAH1593.JPG";2,76;2,76;18,57;70;1;1
"595";"GSAH1594.JPG";2,9;2,9;17,023;69;1;1
"596";"GSAH1595.JPG";3,02;3,02;15,789;70;1;1
"597";"GSAH1596.JPG";3,07;3,07;15,32;77;1;1
"598";"GSAH1597.JPG";2,86;2,86;17,463;86;1;1
"599";"GSAH1598.JPG";2,95;2,95;16,47;67;1;1
"600";"GSAH1599.JPG";3,41;3,41;12,471;68;1;1
"601";"GSAH1600.JPG";3,28;3,28;13,488;70;1;1
"602";"GSAH1601.JPG";3,13;3,13;14,816;81;1;1
"603";"GSAH1602.JPG";3,1;3,1;15,102;77;1;1
"604";"GSAH1603.JPG";2,81;2,81;17,945;86;1;1
"605";"GSAH1604.JPG";2,57;2,57;20,889;76;1;1
"606";"GSAH1605.JPG";1,38;1,38;43,088;64;1;1
"607";"GSAH1606.JPG";1,22;1,22;47,403;76;1;1
"608";"GSAH1607.JPG";1,48;1,48;40,526;81;1;1
"609";"GSAH1608.JPG";1,77;1,77;33,926;86;1;1
"610";"GSAH1609.JPG";1,81;1,81;33,124;69;1;1
"611";"GSAH1610.JPG";1,92;1,92;30,945;86;1;1
"612";"GSAH1611.JPG";2,81;2,81;17,974;16;1;1
"613";"GSAH1612.JPG";3,1;3,1;15,055;77;1;1
"614";"GSAH1613.JPG";3,21;3,21;14,13;70;1;1
"615";"GSAH1614.JPG";3,82;3,82;9,738;64;1;1
"616";"GSAH1615.JPG";2,93;2,93;16,768;77;1;1
"617";"GSAH1616.JPG";3,12;3,12;14,933;77;1;1
"618";"GSAH1617.JPG";3,35;3,35;12,949;70;1;1
"619";"GSAH1618.JPG";3,53;3,53;11,611;70;1;1
"620";"GSAH1619.JPG";3,86;3,86;9,475;81;1;1
"621";"GSAH1620.JPG";3,69;3,69;10,542;70;1;1
"622";"GSAH1621.JPG";3,44;3,44;12,233;70;1;1
"623";"GSAH1622.JPG";2,99;2,99;16,153;78;1;1
"624";"GSAH1623.JPG";3,24;3,24;13,805;78;1;1
"625";"GSAH1624.JPG";3,17;3,17;14,46;65;1;1
"626";"GSAH1625.JPG";3,12;3,12;14,903;70;1;1
"627";"GSAH1626.JPG";3,13;3,13;14,82;78;1;1
"628";"GSAH1627.JPG";3,24;3,24;13,878;69;1;1
"629";"GSAH1628.JPG";2,98;2,98;16,231;81;1;1
"630";"GSAH1629.JPG";3,16;3,16;14,496;82;1;1
"631";"GSAH1630.JPG";2,87;2,87;17,348;69;1;1
"632";"GSAH1631.JPG";2,94;2,94;16,613;67;1;1
"633";"GSAH1632.JPG";3,15;3,15;14,635;23;1;1
"634";"GSAH1633.JPG";3,09;3,09;15,184;70;1;1
"635";"GSAH1634.JPG";2,95;2,95;16,531;79;1;1
"636";"GSAH1635.JPG";2,97;2,97;16,297;68;1;1
"637";"GSAH1636.JPG";2,48;2,48;22,038;64;1;1
"638";"GSAH1637.JPG";2,49;2,49;21,823;67;1;1
"639";"GSAH1638.JPG";2,38;2,38;23,382;85;1;1
"640";"GSAH1639.JPG";2,44;2,44;22,6;77;1;1
"641";"GSAH1640.JPG";2,46;2,46;22,275;53;1;1
"642";"GSAH1641.JPG";2,7;2,7;19,215;86;1;1
"643";"GSAH1642.JPG";2,75;2,75;18,654;63;1;1
"644";"GSAH1643.JPG";2,84;2,84;17,688;24;1;1
"645";"GSAH1644.JPG";2,98;2,98;16,206;81;1;1
"646";"GSAH1645.JPG";3;3;16,059;77;1;1
"647";"GSAH1646.JPG";3,1;3,1;15,048;62;1;1
"648";"GSAH1647.JPG";2,88;2,88;17,218;69;1;1
"649";"GSAH1648.JPG";3,43;3,43;12,336;85;1;1
"650";"GSAH1649.JPG";3,15;3,15;14,638;77;1;1
"651";"GSAH1650.JPG";3,08;3,08;15,225;67;1;1
"652";"GSAH1651.JPG";3,19;3,19;14,266;78;1;1
"653";"GSAH1652.JPG";2,82;2,82;17,885;68;1;1
"654";"GSAH1653.JPG";2,51;2,51;21,571;64;1;1
"655";"GSAH1654.JPG";3,03;3,03;15,685;77;1;1
"656";"GSAH1655.JPG";3,02;3,02;15,818;70;1;1
"657";"GSAH1656.JPG";2,99;2,99;16,108;77;1;1
"658";"GSAH1657.JPG";3,1;3,1;15,063;69;1;1
"659";"GSAH1658.JPG";2,91;2,91;16,957;57;1;1
"660";"GSAH1659.JPG";2,38;2,38;23,332;85;1;1
"661";"GSAH1660.JPG";2,98;2,98;16,226;67;1;1
"662";"GSAH1661.JPG";3,07;3,07;15,38;64;1;1
"663";"GSAH1662.JPG";2,66;2,66;19,674;70;1;1
"664";"GSAH1663.JPG";2,36;2,36;23,651;53;1;1
"665";"GSAH1664.JPG";2,81;2,81;17,986;70;1;1
"666";"GSAH1665.JPG";2,77;2,77;18,399;77;1;1
"667";"GSAH1666.JPG";3,11;3,11;14,946;78;1;1
"668";"GSAH1667.JPG";2,98;2,98;16,176;69;1;1
"669";"GSAH1668.JPG";3;3;16,02;69;1;1
"670";"GSAH1669.JPG";2,9;2,9;17,018;78;1;1
"671";"GSAH1670.JPG";2,66;2,66;19,753;67;1;1
"672";"GSAH1671.JPG";2,54;2,54;21,272;80;1;1
"673";"GSAH1672.JPG";2,63;2,63;20,055;66;1;1
"674";"GSAH1673.JPG";2,89;2,89;17,139;70;1;1
"675";"GSAH1674.JPG";2,82;2,82;17,864;67;1;1
"676";"GSAH1675.JPG";2,61;2,61;20,291;64;1;1
"677";"GSAH1676.JPG";2,33;2,33;24,174;67;1;1
"678";"GSAH1677.JPG";3,46;3,46;12,08;78;1;1
"679";"GSAH1678.JPG";3,2;3,2;14,21;86;1;1
"680";"GSAH1679.JPG";3,27;3,27;13,583;77;1;1
"681";"GSAH1680.JPG";3,42;3,42;12,396;85;1;1
"682";"GSAH1681.JPG";3,41;3,41;12,497;81;1;1
"683";"GSAH1682.JPG";3,1;3,1;15,03;70;1;1
"684";"GSAH1683.JPG";2,93;2,93;16,744;86;1;1
"685";"GSAH1684.JPG";4,39;4,39;6,869;78;1;1
"686";"GSAH1685.JPG";2,52;2,52;21,466;69;1;1
"687";"GSAH1686.JPG";2,94;2,94;16,581;69;1;1
"688";"GSAH1687.JPG";3,23;3,23;13,908;78;1;1
"689";"GSAH1688.JPG";2,92;2,92;16,854;69;1;1
"690";"GSAH1689.JPG";3,07;3,07;15,329;86;1;1
"691";"GSAH1690.JPG";2,82;2,82;17,909;67;1;1
"692";"GSAH1691.JPG";2,15;2,15;26,951;80;1;1
"693";"GSAH1692.JPG";1,77;1,77;33,993;78;1;1
"694";"GSAH1693.JPG";1,71;1,71;35,31;69;1;1
"695";"GSAH1694.JPG";2,16;2,16;26,685;67;1;1
"696";"GSAH1695.JPG";2,46;2,46;22,218;68;1;1
"697";"GSAH1696.JPG";2,92;2,92;16,868;69;1;1
"698";"GSAH1697.JPG";3,3;3,3;13,316;69;1;1
"699";"GSAH1698.JPG";3,29;3,29;13,431;64;1;1
"700";"GSAH1699.JPG";3,09;3,09;15,192;63;1;1
"701";"GSAH1700.JPG";2,89;2,89;17,123;69;1;1
"702";"GSAH1701.JPG";2,78;2,78;18,329;67;1;1
"703";"GSAH1702.JPG";2,88;2,88;17,29;41;1;1
"704";"GSAH1703.JPG";2,93;2,93;16,681;78;1;1
"705";"GSAH1704.JPG";2,79;2,79;18,2;78;1;1
"706";"GSAH1705.JPG";2,93;2,93;16,681;69;1;1
"707";"GSAH1706.JPG";2,73;2,73;18,897;78;1;1
"708";"GSAH1707.JPG";2,9;2,9;17,022;69;1;1
"709";"GSAH1708.JPG";3,05;3,05;15,508;19;1;1
"710";"GSAH1709.JPG";3,29;3,29;13,399;69;1;1
"711";"GSAH1710.JPG";2,79;2,79;18,186;64;1;1
"712";"GSAH1711.JPG";2,67;2,67;19,626;76;1;1
"713";"GSAH1712.JPG";2,68;2,68;19,478;78;1;1
"714";"GSAH1713.JPG";2,51;2,51;21,579;80;1;1
"715";"GSAH1714.JPG";2,83;2,83;17,731;69;1;1
"716";"GSAH1715.JPG";2,84;2,84;17,622;85;1;1
"717";"GSAH1716.JPG";2,86;2,86;17,477;13;1;1
"718";"GSAH1717.JPG";2,73;2,73;18,897;76;1;1
"719";"GSAH1718.JPG";2,75;2,75;18,635;76;1;1
"720";"GSAH1719.JPG";2,99;2,99;16,072;64;1;1
"721";"GSAH1720.JPG";3,24;3,24;13,877;69;1;1
"722";"GSAH1721.JPG";3,22;3,22;13,989;69;1;1
"723";"GSAH1722.JPG";2,74;2,74;18,798;70;1;1
"724";"GSAH1723.JPG";2,68;2,68;19,478;66;1;1
"725";"GSAH1724.JPG";2,79;2,79;18,261;80;1;1
"726";"GSAH1725.JPG";3,15;3,15;14,605;82;1;1
"727";"GSAH1726.JPG";2,89;2,89;17,18;86;1;1
"728";"GSAH1727.JPG";2,93;2,93;16,715;85;1;1
"729";"GSAH1728.JPG";2,82;2,82;17,848;77;1;1
"730";"GSAH1729.JPG";2,95;2,95;16,479;69;1;1
"731";"GSAH1730.JPG";2,87;2,87;17,375;69;1;1
"732";"GSAH1731.JPG";2,91;2,91;16,894;74;1;1
"733";"GSAH1732.JPG";3,04;3,04;15,633;70;1;1
"734";"GSAH1733.JPG";2,97;2,97;16,341;81;1;1
"735";"GSAH1734.JPG";3,23;3,23;13,934;77;1;1
"736";"GSAH1735.JPG";3,15;3,15;14,65;53;1;1
"737";"GSAH1736.JPG";3,22;3,22;13,996;65;1;1
"738";"GSAH1737.JPG";2,76;2,76;18,564;80;1;1
"739";"GSAH1738.JPG";2,84;2,84;17,635;64;1;1
"740";"GSAH1739.JPG";2,82;2,82;17,862;71;1;1
"741";"GSAH1740.JPG";2,6;2,6;20,407;76;1;1
"742";"GSAH1741.JPG";2,78;2,78;18,322;77;1;1
"743";"GSAH1742.JPG";2,95;2,95;16,531;78;1;1
"744";"GSAH1743.JPG";2,56;2,56;20,963;14;1;1
"745";"GSAH1744.JPG";1,69;1,69;35,705;63;1;1
"746";"GSAH1745.JPG";1,4;1,4;42,603;69;1;1
"747";"GSAH1746.JPG";1,35;1,35;43,922;66;1;1
"748";"GSAH1747.JPG";1,33;1,33;44,296;63;1;1
"749";"GSAH1748.JPG";2,21;2,21;25,994;70;1;1
"750";"GSAH1749.JPG";2,66;2,66;19,699;64;1;1
"751";"GSAH1750.JPG";3,72;3,72;10,354;67;1;1
"752";"GSAH1751.JPG";3,46;3,46;12,075;86;1;1
"753";"GSAH1752.JPG";2,85;2,85;17,597;64;1;1
"754";"GSAH1753.JPG";2,87;2,87;17,349;76;1;1
"755";"GSAH1754.JPG";2,98;2,98;16,238;69;1;1
"756";"GSAH1755.JPG";3,04;3,04;15,647;77;1;1
"757";"GSAH1756.JPG";3,47;3,47;12,036;79;1;1
"758";"GSAH1757.JPG";3,09;3,09;15,169;78;1;1
"759";"GSAH1758.JPG";3,9;3,9;9,232;62;1;1
"760";"GSAH1759.JPG";4,12;4,12;8,07;70;1;1
"761";"GSAH1760.JPG";3,04;3,04;15,648;64;1;1
"762";"GSAH1761.JPG";2,71;2,71;19,167;77;1;1
"763";"GSAH1762.JPG";2,99;2,99;16,135;69;1;1
"764";"GSAH1763.JPG";3,13;3,13;14,809;69;1;1
"765";"GSAH1764.JPG";3,12;3,12;14,914;78;1;1
"766";"GSAH1765.JPG";3,21;3,21;14,133;78;1;1
"767";"GSAH1766.JPG";2,92;2,92;16,782;69;1;1
"768";"GSAH1767.JPG";2,94;2,94;16,658;67;1;1
"769";"GSAH1768.JPG";2,75;2,75;18,652;14;1;1
"770";"GSAH1769.JPG";2,63;2,63;20,1;74;1;1
"771";"GSAH1770.JPG";2,57;2,57;20,879;69;1;1
"772";"GSAH1771.JPG";2,83;2,83;17,795;77;1;1
"773";"GSAH1772.JPG";3,22;3,22;14,034;78;1;1
"774";"GSAH1773.JPG";3,21;3,21;14,13;68;1;1
"775";"GSAH1774.JPG";2,59;2,59;20,584;81;1;1
"776";"GSAH1775.JPG";2,67;2,67;19,568;86;1;1
"777";"GSAH1776.JPG";3,01;3,01;15,938;61;1;1
"778";"GSAH1777.JPG";2,59;2,59;20,629;66;1;1
"779";"GSAH1778.JPG";2,69;2,69;19,385;69;1;1
"780";"GSAH1779.JPG";3,04;3,04;15,654;64;1;1
"781";"GSAH1780.JPG";3,07;3,07;15,307;70;1;1
"782";"GSAH1781.JPG";2,93;2,93;16,675;67;1;1
"783";"GSAH1782.JPG";3,11;3,11;14,966;66;1;1
"784";"GSAH1783.JPG";3,48;3,48;11,956;64;1;1
"785";"GSAH1784.JPG";3,04;3,04;15,637;70;1;1
"786";"GSAH1785.JPG";2,71;2,71;19,102;67;1;1
"787";"GSAH1786.JPG";3,45;3,45;12,152;67;1;1
"788";"GSAH1787.JPG";3,6;3,6;11,123;70;1;1
"789";"GSAH1788.JPG";4,05;4,05;8,461;76;1;1
"790";"GSAH1789.JPG";3,48;3,48;11,946;70;1;1
"791";"GSAH1790.JPG";3,37;3,37;12,792;86;1;1
"792";"GSAH1791.JPG";3,29;3,29;13,457;63;1;1
"793";"GSAH1792.JPG";3,38;3,38;12,715;81;1;1
"794";"GSAH1793.JPG";3,74;3,74;10,183;25;1;1
"795";"GSAH1794.JPG";4,46;4,46;6,58;86;1;1
"796";"GSAH1795.JPG";4,42;4,42;6,735;79;1;1
"797";"GSAH1796.JPG";4,48;4,48;6,475;68;1;1
"798";"GSAH1797.JPG";4,51;4,51;6,387;86;1;1
"799";"GSAH1798.JPG";4,56;4,56;6,188;63;1;1
"800";"GSAH1799.JPG";4,43;4,43;6,71;69;1;1
"801";"GSAH1800.JPG";4,61;4,61;6,014;80;1;1
"802";"GSAH1801.JPG";4,62;4,62;5,96;64;1;1
"803";"GSAH1802.JPG";4,74;4,74;5,544;64;1;1
"804";"GSAH1803.JPG";4,94;4,94;4,91;64;1;1
"805";"GSAH1804.JPG";4,98;4,98;4,798;81;1;1
"806";"GSAH1805.JPG";4,98;4,98;4,793;81;1;1
"807";"GSAH1806.JPG";4,65;4,65;5,861;78;1;1
"808";"GSAH1807.JPG";4,23;4,23;7,547;78;1;1
"809";"GSAH1808.JPG";4,21;4,21;7,651;66;1;1
"810";"GSAH1809.JPG";4,35;4,35;7,031;86;1;1
"811";"GSAH1810.JPG";4,38;4,38;6,906;79;1;1
"812";"GSAH1811.JPG";4,37;4,37;6,928;67;1;1
"813";"GSAH1812.JPG";4,45;4,45;6,606;67;1;1
"814";"GSAH1813.JPG";4,34;4,34;7,081;64;1;1
"815";"GSAH1814.JPG";4,17;4,17;7,824;76;1;1
"816";"GSAH1815.JPG";4,24;4,24;7,515;80;1;1
"817";"GSAH1816.JPG";3,09;3,09;15,148;77;1;1
"818";"GSAH1817.JPG";2,91;2,91;16,931;70;1;1
"819";"GSAH1818.JPG";2,74;2,74;18,759;14;1;1
"820";"GSAH1819.JPG";3,11;3,11;14,963;23;1;1
"821";"GSAH1820.JPG";2,92;2,92;16,862;68;1;1
"822";"GSAH1821.JPG";3,16;3,16;14,509;63;1;1
"823";"GSAH1822.JPG";2,88;2,88;17,251;14;1;1
"824";"GSAH1823.JPG";2,83;2,83;17,77;69;1;1
"825";"GSAH1824.JPG";2,77;2,77;18,493;78;1;1
"826";"GSAH1825.JPG";2,5;2,5;21,706;61;1;1
"827";"GSAH1826.JPG";2,29;2,29;24,734;78;1;1
"828";"GSAH1827.JPG";2,05;2,05;28,531;66;1;1
"829";"GSAH1828.JPG";2,46;2,46;22,251;70;1;1
"830";"GSAH1829.JPG";2,15;2,15;26,858;80;1;1
"831";"GSAH1830.JPG";2,36;2,36;23,684;80;1;1
"832";"GSAH1831.JPG";2,28;2,28;24,828;76;1;1
"833";"GSAH1832.JPG";3,27;3,27;13,608;14;1;1
"834";"GSAH1833.JPG";3,11;3,11;14,952;70;1;1
"835";"GSAH1834.JPG";3,03;3,03;15,76;67;1;1
"836";"GSAH1835.JPG";3,02;3,02;15,795;67;1;1
"837";"GSAH1836.JPG";3,23;3,23;13,938;78;1;1
"838";"GSAH1837.JPG";3,32;3,32;13,143;69;1;1
"839";"GSAH1838.JPG";2,78;2,78;18,364;69;1;1
"840";"GSAH1839.JPG";2,95;2,95;16,526;64;1;1
"841";"GSAH1840.JPG";2,68;2,68;19,497;69;1;1
"842";"GSAH1841.JPG";2,97;2,97;16,331;78;1;1
"843";"GSAH1842.JPG";3,21;3,21;14,078;77;1;1
"844";"GSAH1843.JPG";2,85;2,85;17,603;64;1;1
"845";"GSAH1844.JPG";2,75;2,75;18,626;81;1;1
"846";"GSAH1845.JPG";2,9;2,9;17,01;64;1;1
"847";"GSAH1846.JPG";3,57;3,57;11,341;78;1;1
"848";"GSAH1847.JPG";3,4;3,4;12,579;69;1;1
"849";"GSAH1848.JPG";3,03;3,03;15,763;63;1;1
"850";"GSAH1849.JPG";3,11;3,11;14,978;77;1;1
"851";"GSAH1850.JPG";2,66;2,66;19,675;66;1;1
"852";"GSAH1851.JPG";2,86;2,86;17,496;67;1;1
"853";"GSAH1852.JPG";2,93;2,93;16,699;77;1;1
"854";"GSAH1853.JPG";3;3;16,007;67;1;1
"855";"GSAH1854.JPG";3,17;3,17;14,406;45;1;1
"856";"GSAH1855.JPG";2,99;2,99;16,143;69;1;1
"857";"GSAH1856.JPG";3,18;3,18;14,397;86;1;1
"858";"GSAH1857.JPG";3,06;3,06;15,407;69;1;1
"859";"GSAH1858.JPG";3,13;3,13;14,776;64;1;1
"860";"GSAH1859.JPG";3,25;3,25;13,749;14;1;1
"861";"GSAH1860.JPG";3,07;3,07;15,391;70;1;1
"862";"GSAH1861.JPG";3,31;3,31;13,282;67;1;1
"863";"GSAH1862.JPG";3,03;3,03;15,743;86;1;1
"864";"GSAH1863.JPG";3,17;3,17;14,464;78;1;1
"865";"GSAH1864.JPG";2,94;2,94;16,63;70;1;1
"866";"GSAH1865.JPG";2,91;2,91;16,917;68;1;1
"867";"GSAH1866.JPG";3,06;3,06;15,428;77;1;1
"868";"GSAH1867.JPG";2,99;2,99;16,155;70;1;1
"869";"GSAH1868.JPG";3,1;3,1;15,11;76;1;1
"870";"GSAH1869.JPG";3;3;15,993;68;1;1
"871";"GSAH1870.JPG";3,37;3,37;12,812;70;1;1
"872";"GSAH1871.JPG";3,25;3,25;13,765;78;1;1
"873";"GSAH1872.JPG";3,16;3,16;14,499;70;1;1
"874";"GSAH1873.JPG";2,89;2,89;17,121;81;1;1
"875";"GSAH1874.JPG";2,56;2,56;20,959;86;1;1
"876";"GSAH1875.JPG";2,58;2,58;20,709;77;1;1
"877";"GSAH1876.JPG";2,54;2,54;21,234;78;1;1
"878";"GSAH1877.JPG";2,82;2,82;17,912;67;1;1
"879";"GSAH1878.JPG";1,99;1,99;29,595;64;1;1
"880";"GSAH1879.JPG";1,61;1,61;37,344;82;1;1
"881";"GSAH1880.JPG";1,43;1,43;41,825;70;1;1
"882";"GSAH1881.JPG";1,37;1,37;43,255;78;1;1
"883";"GSAH1882.JPG";1,38;1,38;43,11;78;1;1
"884";"GSAH1883.JPG";1,51;1,51;39,709;70;1;1
"885";"GSAH1884.JPG";2,8;2,8;18,084;64;1;1
"886";"GSAH1885.JPG";3,23;3,23;13,959;81;1;1
"887";"GSAH1886.JPG";4,31;4,31;7,195;64;1;1
"888";"GSAH1887.JPG";2,98;2,98;16,245;81;1;1
"889";"GSAH1888.JPG";2,3;2,3;24,613;62;1;1
"890";"GSAH1889.JPG";2,15;2,15;26,96;70;1;1
"891";"GSAH1890.JPG";2,32;2,32;24,322;67;1;1
"892";"GSAH1891.JPG";3,07;3,07;15,317;70;1;1
"893";"GSAH1892.JPG";3,27;3,27;13,629;55;1;1
"894";"GSAH1893.JPG";3,54;3,54;11,516;77;1;1
"895";"GSAH1894.JPG";3,8;3,8;9,848;76;1;1
"896";"GSAH1895.JPG";3,61;3,61;11,059;67;1;1
"897";"GSAH1896.JPG";3,07;3,07;15,319;65;1;1
"898";"GSAH1897.JPG";2,81;2,81;17,958;68;1;1
"899";"GSAH1898.JPG";3,1;3,1;15,064;82;1;1
"900";"GSAH1899.JPG";2,78;2,78;18,328;86;1;1
"901";"GSAH1900.JPG";3,23;3,23;13,914;64;1;1
"902";"GSAH1901.JPG";3,08;3,08;15,295;69;1;1
"903";"GSAH1902.JPG";3,02;3,02;15,806;77;1;1
"904";"GSAH1903.JPG";3,11;3,11;14,97;69;1;1
"905";"GSAH1904.JPG";2,9;2,9;16,995;68;1;1
"906";"GSAH1905.JPG";3,08;3,08;15,263;69;1;1
"907";"GSAH1906.JPG";3,17;3,17;14,438;77;1;1
"908";"GSAH1907.JPG";3,39;3,39;12,654;64;1;1
"909";"GSAH1908.JPG";3,09;3,09;15,179;70;1;1
"910";"GSAH1909.JPG";2,45;2,45;22,35;80;1;1
"911";"GSAH1910.JPG";2,96;2,96;16,386;63;1;1
"912";"GSAH1911.JPG";3,11;3,11;14,968;78;1;1
"913";"GSAH1912.JPG";3,01;3,01;15,895;64;1;1
"914";"GSAH1913.JPG";2,96;2,96;16,388;69;1;1
"915";"GSAH1914.JPG";2,88;2,88;17,216;76;1;1
"916";"GSAH1915.JPG";2,96;2,96;16,372;64;1;1
"917";"GSAH1916.JPG";3,25;3,25;13,781;78;1;1
"918";"GSAH1917.JPG";2,73;2,73;18,845;13;1;1
"919";"GSAH1918.JPG";2,83;2,83;17,736;69;1;1
"920";"GSAH1919.JPG";2,7;2,7;19,207;66;1;1
"921";"GSAH1920.JPG";2,9;2,9;17,078;70;1;1
"922";"GSAH1921.JPG";2,95;2,95;16,505;76;1;1
"923";"GSAH1922.JPG";3,1;3,1;15,115;70;1;1
"924";"GSAH1923.JPG";2,94;2,94;16,657;67;1;1
"925";"GSAH1924.JPG";2,74;2,74;18,744;69;1;1
"926";"GSAH1925.JPG";2,84;2,84;17,699;66;1;1
"927";"GSAH1926.JPG";2,66;2,66;19,714;77;1;1
"928";"GSAH1927.JPG";2,71;2,71;19,159;81;1;1
"929";"GSAH1928.JPG";2,85;2,85;17,549;76;1;1
"930";"GSAH1929.JPG";3,02;3,02;15,801;69;1;1
"931";"GSAH1930.JPG";2,69;2,69;19,373;78;1;1
"932";"GSAH1931.JPG";2,69;2,69;19,413;66;1;1
"933";"GSAH1932.JPG";2,54;2,54;21,173;70;1;1
"934";"GSAH1933.JPG";2,23;2,23;25,66;78;1;1
"935";"GSAH1934.JPG";2,26;2,26;25,129;64;1;1
"936";"GSAH1935.JPG";2,32;2,32;24,29;77;1;1
"937";"GSAH1936.JPG";2,17;2,17;26,53;80;1;1
"938";"GSAH1937.JPG";2,09;2,09;27,917;64;1;1
"939";"GSAH1938.JPG";2,25;2,25;25,297;81;1;1
"940";"GSAH1939.JPG";2,31;2,31;24,445;66;1;1
"941";"GSAH1940.JPG";2,24;2,24;25,432;76;1;1
"942";"GSAH1941.JPG";2,28;2,28;24,812;66;1;1
"943";"GSAH1942.JPG";2,32;2,32;24,268;78;1;1
"944";"GSAH1943.JPG";2;2;29,587;77;1;1
"945";"GSAH1944.JPG";1,67;1,67;36,015;64;1;1
"946";"GSAH1945.JPG";1,68;1,68;35,935;82;1;1
"947";"GSAH1946.JPG";4,16;4,16;7,887;64;1;1
"948";"GSAH1947.JPG";5,07;5,07;4,516;14;1;1
"949";"GSAH1948.JPG";4,36;4,36;6,968;67;1;1
"950";"GSAH1949.JPG";3,33;3,33;13,131;64;1;1
"951";"GSAH1950.JPG";4,09;4,09;8,262;84;1;1
"952";"GSAH1951.JPG";3,72;3,72;10,309;85;1;1
"953";"GSAH1952.JPG";3,3;3,3;13,366;82;1;1
"954";"GSAH1953.JPG";2,89;2,89;17,142;84;1;1
"955";"GSAH1954.JPG";3,4;3,4;12,551;81;1;1
"956";"GSAH1955.JPG";3,17;3,17;14,411;64;1;1
"957";"GSAH1956.JPG";3,05;3,05;15,495;69;1;1
"958";"GSAH1957.JPG";3,18;3,18;14,322;66;1;1
"959";"GSAH1958.JPG";3,67;3,67;10,675;64;1;1
"960";"GSAH1959.JPG";2,86;2,86;17,416;69;1;1
"961";"GSAH1960.JPG";3,16;3,16;14,548;77;1;1
"962";"GSAH1961.JPG";3,45;3,45;12,176;62;1;1
"963";"GSAH1962.JPG";2,82;2,82;17,839;77;1;1
"964";"GSAH1963.JPG";3,31;3,31;13,261;67;1;1
"965";"GSAH1964.JPG";3,27;3,27;13,605;64;1;1
"966";"GSAH1965.JPG";2,94;2,94;16,583;55;1;1
"967";"GSAH1966.JPG";2,64;2,64;20,008;86;1;1
"968";"GSAH1967.JPG";3,3;3,3;13,312;67;1;1
"969";"GSAH1968.JPG";2,99;2,99;16,101;77;1;1
"970";"GSAH1969.JPG";2,97;2,97;16,353;69;1;1
"971";"GSAH1970.JPG";3,74;3,74;10,209;80;1;1
"972";"GSAH1971.JPG";3,45;3,45;12,207;81;1;1
"973";"GSAH1972.JPG";3,62;3,62;10,98;66;1;1
"974";"GSAH1973.JPG";3,15;3,15;14,625;14;1;1
"975";"GSAH1974.JPG";3,59;3,59;11,148;77;1;1
"976";"GSAH1975.JPG";3,63;3,63;10,929;70;1;1
"977";"GSAH1976.JPG";3,48;3,48;11,988;77;1;1
"978";"GSAH1977.JPG";3,19;3,19;14,262;24;1;1
"979";"GSAH1978.JPG";2,96;2,96;16,419;69;1;1
"980";"GSAH1979.JPG";2,88;2,88;17,252;85;1;1
"981";"GSAH1980.JPG";3,03;3,03;15,767;77;1;1
"982";"GSAH1981.JPG";2,8;2,8;18,053;70;1;1
"983";"GSAH1982.JPG";2,67;2,67;19,604;69;1;1
"984";"GSAH1983.JPG";2,69;2,69;19,395;64;1;1
"985";"GSAH1984.JPG";3,04;3,04;15,649;78;1;1
"986";"GSAH1985.JPG";2,97;2,97;16,273;70;1;1
"987";"GSAH1986.JPG";2,72;2,72;18,998;68;1;1
"988";"GSAH1987.JPG";2,96;2,96;16,44;78;1;1
"989";"GSAH1988.JPG";3,05;3,05;15,538;78;1;1
"990";"GSAH1989.JPG";2,75;2,75;18,691;76;1;1
"991";"GSAH1990.JPG";2,98;2,98;16,184;77;1;1
"992";"GSAH1991.JPG";3,09;3,09;15,135;70;1;1
"993";"GSAH1992.JPG";3,17;3,17;14,431;63;1;1
"994";"GSAH1993.JPG";3,43;3,43;12,317;64;1;1
"995";"GSAH1994.JPG";3,42;3,42;12,42;66;1;1
"996";"GSAH1995.JPG";2,93;2,93;16,723;69;1;1
"997";"GSAH1996.JPG";3,06;3,06;15,418;69;1;1
"998";"GSAH1997.JPG";2,81;2,81;17,98;67;1;1
"999";"GSAH1998.JPG";2,42;2,42;22,782;66;1;1
"1000";"GSAH1999.JPG";2,25;2,25;25,364;78;1;1
"1001";"GSAH2000.JPG";1,84;1,84;32,453;63;1;1
"1002";"GSAH2001.JPG";1,67;1,67;36,15;67;1;1
"1003";"GSAH2002.JPG";1,43;1,43;41,868;69;1;1
"1004";"GSAH2003.JPG";1,41;1,41;42,185;79;1;1
"1005";"GSAH2004.JPG";1,4;1,4;42,424;77;1;1
"1006";"GSAH2005.JPG";1,43;1,43;41,717;77;1;1
"1007";"GSAH2006.JPG";2,39;2,39;23,239;70;1;1
"1008";"GSAH2007.JPG";3,31;3,31;13,291;65;1;1
"1009";"GSAH2008.JPG";2,74;2,74;18,804;58;1;1
"1010";"GSAH2009.JPG";3,13;3,13;14,778;13;1;1
"1011";"GSAH2010.JPG";3,41;3,41;12,502;85;1;1
"1012";"GSAH2011.JPG";2,59;2,59;20,548;78;1;1
"1013";"GSAH2012.JPG";3,55;3,55;11,433;67;1;1
"1014";"GSAH2013.JPG";3,96;3,96;8,892;13;1;1
"1015";"GSAH2014.JPG";3,82;3,82;9,721;81;1;1
"1016";"GSAH2015.JPG";3,72;3,72;10,347;76;1;1
"1017";"GSAH2016.JPG";3,7;3,7;10,447;78;1;1
"1018";"GSAH2017.JPG";3,53;3,53;11,615;81;1;1
"1019";"GSAH2018.JPG";3,12;3,12;14,907;86;1;1
"1020";"GSAH2019.JPG";2,97;2,97;16,366;64;1;1
"1021";"GSAH2020.JPG";3,04;3,04;15,606;69;1;1
"1022";"GSAH2021.JPG";3,05;3,05;15,543;64;1;1
"1023";"GSAH2022.JPG";3,08;3,08;15,28;69;1;1
"1024";"GSAH2023.JPG";3,51;3,51;11,754;82;1;1
"1025";"GSAH2024.JPG";3,48;3,48;11,933;81;1;1
"1026";"GSAH2025.JPG";3,06;3,06;15,414;69;1;1
"1027";"GSAH2026.JPG";3,1;3,1;15,062;67;1;1
"1028";"GSAH2027.JPG";3,12;3,12;14,888;77;1;1
"1029";"GSAH2028.JPG";3,12;3,12;14,897;78;1;1
"1030";"GSAH2029.JPG";3,12;3,12;14,9;14;1;1
"1031";"GSAH2030.JPG";3,47;3,47;11,994;12;1;1
"1032";"GSAH2031.JPG";3,23;3,23;13,894;70;1;1
"1033";"GSAH2032.JPG";3,48;3,48;11,981;14;1;1
"1034";"GSAH2033.JPG";2,9;2,9;16,987;69;1;1
"1035";"GSAH2034.JPG";3,05;3,05;15,535;69;1;1
"1036";"GSAH2035.JPG";3,09;3,09;15,203;69;1;1
"1037";"GSAH2036.JPG";3,77;3,77;9,993;81;1;1
"1038";"GSAH2037.JPG";3,12;3,12;14,908;66;1;1
"1039";"GSAH2038.JPG";2,95;2,95;16,526;70;1;1
"1040";"GSAH2039.JPG";2,93;2,93;16,722;69;1;1
"1041";"GSAH2040.JPG";3,52;3,52;11,656;63;1;1
"1042";"GSAH2041.JPG";3,49;3,49;11,861;45;1;1
"1043";"GSAH2042.JPG";3,87;3,87;9,429;82;1;1
"1044";"GSAH2043.JPG";2,96;2,96;16,457;69;1;1
"1045";"GSAH2044.JPG";2,72;2,72;18,992;77;1;1
"1046";"GSAH2045.JPG";2,86;2,86;17,408;86;1;1
"1047";"GSAH2046.JPG";2,95;2,95;16,495;69;1;1
"1048";"GSAH2047.JPG";2,95;2,95;16,551;78;1;1
"1049";"GSAH2048.JPG";2,94;2,94;16,655;68;1;1
"1050";"GSAH2049.JPG";2,67;2,67;19,579;78;1;1
"1051";"GSAH2050.JPG";2,66;2,66;19,761;81;1;1
"1052";"GSAH2051.JPG";2,65;2,65;19,808;69;1;1
"1053";"GSAH2052.JPG";2,8;2,8;18,155;76;1;1
"1054";"GSAH2053.JPG";2,77;2,77;18,423;78;1;1
"1055";"GSAH2054.JPG";2,77;2,77;18,386;64;1;1
"1056";"GSAH2055.JPG";2,55;2,55;21,105;70;1;1
"1057";"GSAH2056.JPG";2,73;2,73;18,885;69;1;1
"1058";"GSAH2057.JPG";2,66;2,66;19,726;66;1;1
"1059";"GSAH2058.JPG";2,73;2,73;18,929;85;1;1
"1060";"GSAH2059.JPG";2,45;2,45;22,349;67;1;1
"1061";"GSAH2060.JPG";2,92;2,92;16,864;78;1;1
"1062";"GSAH2061.JPG";2,85;2,85;17,585;70;1;1
"1063";"GSAH2062.JPG";3,05;3,05;15,568;70;1;1
"1064";"GSAH2063.JPG";3,13;3,13;14,791;80;1;1
"1065";"GSAH2064.JPG";3,18;3,18;14,377;22;1;1
"1066";"GSAH2065.JPG";3,04;3,04;15,605;86;1;1
"1067";"GSAH2066.JPG";2,21;2,21;25,995;81;1;1
"1068";"GSAH2067.JPG";1,99;1,99;29,673;14;1;1
"1069";"GSAH2068.JPG";4,15;4,15;7,955;69;1;1
"1070";"GSAH2069.JPG";3,85;3,85;9,564;70;1;1
"1071";"GSAH2070.JPG";4;4;8,713;14;1;1
"1072";"GSAH2071.JPG";3,54;3,54;11,549;70;1;1
"1073";"GSAH2072.JPG";3,43;3,43;12,32;69;1;1
"1074";"GSAH2073.JPG";3,28;3,28;13,529;84;1;1
"1075";"GSAH2074.JPG";2,94;2,94;16,588;70;1;1
"1076";"GSAH2075.JPG";2,84;2,84;17,691;77;1;1
"1077";"GSAH2076.JPG";2,76;2,76;18,556;68;1;1
"1078";"GSAH2077.JPG";2,78;2,78;18,3;78;1;1
"1079";"GSAH2078.JPG";2,89;2,89;17,153;78;1;1
"1080";"GSAH2079.JPG";2,86;2,86;17,416;78;1;1
"1081";"GSAH2080.JPG";3,18;3,18;14,384;82;1;1
"1082";"GSAH2081.JPG";2,97;2,97;16,356;69;1;1
"1083";"GSAH2082.JPG";2,86;2,86;17,492;77;1;1
"1084";"GSAH2083.JPG";3,08;3,08;15,256;64;1;1
"1085";"GSAH2084.JPG";3,35;3,35;12,931;84;1;1
"1086";"GSAH2085.JPG";3,39;3,39;12,631;81;1;1
"1087";"GSAH2086.JPG";3,04;3,04;15,593;70;1;1
"1088";"GSAH2087.JPG";3,24;3,24;13,865;64;1;1
"1089";"GSAH2088.JPG";3,07;3,07;15,339;78;1;1
"1090";"GSAH2089.JPG";3,47;3,47;12,035;66;1;1
"1091";"GSAH2090.JPG";3,16;3,16;14,505;70;1;1
"1092";"GSAH2091.JPG";3,28;3,28;13,475;64;1;1
"1093";"GSAH2092.JPG";3,38;3,38;12,737;77;1;1
"1094";"GSAH2093.JPG";3,26;3,26;13,66;78;1;1
"1095";"GSAH2094.JPG";3,34;3,34;13,018;78;1;1
"1096";"GSAH2095.JPG";3,99;3,99;8,773;80;1;1
"1097";"GSAH2096.JPG";3,78;3,78;9,961;77;1;1
"1098";"GSAH2097.JPG";3,2;3,2;14,156;62;1;1
"1099";"GSAH2098.JPG";3,01;3,01;15,928;64;1;1
"1100";"GSAH2099.JPG";3,55;3,55;11,468;81;1;1
"1101";"GSAH2100.JPG";2,94;2,94;16,606;80;1;1
"1102";"GSAH2101.JPG";2,75;2,75;18,612;70;1;1
"1103";"GSAH2102.JPG";3,04;3,04;15,618;69;1;1
"1104";"GSAH2103.JPG";3,72;3,72;10,318;79;1;1
"1105";"GSAH2104.JPG";2,87;2,87;17,36;81;1;1
"1106";"GSAH2105.JPG";2,99;2,99;16,163;86;1;1
"1107";"GSAH2106.JPG";3,04;3,04;15,651;67;1;1
"1108";"GSAH2107.JPG";2,8;2,8;18,071;81;1;1
"1109";"GSAH2108.JPG";3,05;3,05;15,575;78;1;1
"1110";"GSAH2109.JPG";2,71;2,71;19,083;65;1;1
"1111";"GSAH2110.JPG";2,86;2,86;17,453;66;1;1
"1112";"GSAH2111.JPG";3,04;3,04;15,671;69;1;1
"1113";"GSAH2112.JPG";2,98;2,98;16,172;70;1;1
"1114";"GSAH2113.JPG";3,09;3,09;15,212;45;1;1
"1115";"GSAH2114.JPG";3,21;3,21;14,125;81;1;1
"1116";"GSAH2115.JPG";2,72;2,72;18,952;69;1;1
"1117";"GSAH2116.JPG";2,88;2,88;17,287;76;1;1
"1118";"GSAH2117.JPG";2,53;2,53;21,292;77;1;1
"1119";"GSAH2118.JPG";2,4;2,4;23,042;77;1;1
"1120";"GSAH2119.JPG";2,15;2,15;26,855;80;1;1
"1121";"GSAH2120.JPG";1,98;1,98;29,911;51;1;1
"1122";"GSAH2121.JPG";1,86;1,86;32,158;78;1;1
"1123";"GSAH2122.JPG";1,74;1,74;34,547;58;1;1
"1124";"GSAH2123.JPG";1,45;1,45;41,359;84;1;1
"1125";"GSAH2124.JPG";1,44;1,44;41,544;70;1;1
"1126";"GSAH2125.JPG";1,49;1,49;40,232;58;1;1
"1127";"GSAH2126.JPG";1,41;1,41;42,239;77;1;1
"1128";"GSAH2127.JPG";1,4;1,4;42,556;68;1;1
"1129";"GSAH2128.JPG";2,43;2,43;22,727;63;1;1
"1130";"GSAH2129.JPG";2,46;2,46;22,266;12;1;1
"1131";"GSAH2130.JPG";3,17;3,17;14,431;64;1;1
"1132";"GSAH2131.JPG";5,56;5,56;3,353;86;1;1
"1133";"GSAH2132.JPG";5,01;5,01;4,699;70;1;1
"1134";"GSAH2133.JPG";4,44;4,44;6,633;67;1;1
"1135";"GSAH2134.JPG";5,16;5,16;4,29;67;1;1
"1136";"GSAH2135.JPG";4,61;4,61;5,987;69;1;1
"1137";"GSAH2136.JPG";3,72;3,72;10,307;67;1;1
"1138";"GSAH2137.JPG";3,97;3,97;8,881;77;1;1
"1139";"GSAH2138.JPG";4,14;4,14;7,996;80;1;1
"1140";"GSAH2139.JPG";3,71;3,71;10,366;80;1;1
"1141";"GSAH2140.JPG";3,21;3,21;14,113;78;1;1
"1142";"GSAH2141.JPG";3,29;3,29;13,387;70;1;1
"1143";"GSAH2142.JPG";3,17;3,17;14,455;69;1;1
"1144";"GSAH2143.JPG";3,44;3,44;12,273;82;1;1
"1145";"GSAH2144.JPG";3,39;3,39;12,637;81;1;1
"1146";"GSAH2145.JPG";3,56;3,56;11,396;60;1;1
"1147";"GSAH2146.JPG";3,66;3,66;10,704;69;1;1
"1148";"GSAH2147.JPG";3,37;3,37;12,82;78;1;1
"1149";"GSAH2148.JPG";3,16;3,16;14,544;67;1;1
"1150";"GSAH2149.JPG";3,07;3,07;15,346;81;1;1
"1151";"GSAH2150.JPG";3,38;3,38;12,667;81;1;1
"1152";"GSAH2151.JPG";4,02;4,02;8,598;70;1;1
"1153";"GSAH2152.JPG";3,13;3,13;14,79;78;1;1
"1154";"GSAH2153.JPG";2,97;2,97;16,347;25;1;1
"1155";"GSAH2154.JPG";2,9;2,9;16,984;81;1;1
"1156";"GSAH2155.JPG";3,41;3,41;12,483;81;1;1
"1157";"GSAH2156.JPG";2,82;2,82;17,83;77;1;1
"1158";"GSAH2157.JPG";3,19;3,19;14,258;78;1;1
"1159";"GSAH2158.JPG";3,28;3,28;13,474;86;1;1
"1160";"GSAH2159.JPG";3,37;3,37;12,798;81;1;1
"1161";"GSAH2160.JPG";3,09;3,09;15,153;70;1;1
"1162";"GSAH2161.JPG";3,01;3,01;15,896;79;1;1
"1163";"GSAH2162.JPG";3,13;3,13;14,797;69;1;1
"1164";"GSAH2163.JPG";2,95;2,95;16,475;67;1;1
"1165";"GSAH2164.JPG";2,96;2,96;16,448;77;1;1
"1166";"GSAH2165.JPG";2,93;2,93;16,76;69;1;1
"1167";"GSAH2166.JPG";4,08;4,08;8,31;56;1;1
"1168";"GSAH2167.JPG";3,32;3,32;13,167;86;1;1
"1169";"GSAH2168.JPG";3,19;3,19;14,247;70;1;1
"1170";"GSAH2169.JPG";3,4;3,4;12,537;81;1;1
"1171";"GSAH2170.JPG";2,91;2,91;16,976;81;1;1
"1172";"GSAH2171.JPG";2,75;2,75;18,652;66;1;1
"1173";"GSAH2172.JPG";2,47;2,47;22,152;78;1;1
"1174";"GSAH2173.JPG";2,61;2,61;20,335;82;1;1
"1175";"GSAH2174.JPG";2,61;2,61;20,386;77;1;1
"1176";"GSAH2175.JPG";2,77;2,77;18,42;86;1;1
"1177";"GSAH2176.JPG";2,65;2,65;19,836;81;1;1
"1178";"GSAH2177.JPG";2,84;2,84;17,643;77;1;1
"1179";"GSAH2178.JPG";3,08;3,08;15,232;70;1;1
"1180";"GSAH2179.JPG";2,8;2,8;18,062;69;1;1
"1181";"GSAH2180.JPG";2,95;2,95;16,547;69;1;1
"1182";"GSAH2181.JPG";3,13;3,13;14,835;64;1;1
"1183";"GSAH2182.JPG";3,11;3,11;15,026;14;1;1
"1184";"GSAH2183.JPG";2,79;2,79;18,19;25;1;1
"1185";"GSAH2184.JPG";2,47;2,47;22,084;67;1;1
"1186";"GSAH2185.JPG";2,41;2,41;23,003;74;1;1
"1187";"GSAH2186.JPG";1,93;1,93;30,696;82;1;1
"1188";"GSAH2187.JPG";3,01;3,01;15,892;64;1;1
"1189";"GSAH2188.JPG";3,43;3,43;12,296;78;1;1
"1190";"GSAH2189.JPG";3,23;3,23;13,924;58;1;1
"1191";"GSAH2190.JPG";3,36;3,36;12,883;70;1;1
"1192";"GSAH2191.JPG";2,93;2,93;16,758;54;1;1
"1193";"GSAH2192.JPG";2,72;2,72;19,035;70;1;1
"1194";"GSAH2193.JPG";2,7;2,7;19,207;86;1;1
"1195";"GSAH2194.JPG";2,89;2,89;17,154;86;1;1
"1196";"GSAH2195.JPG";3,04;3,04;15,593;86;1;1
"1197";"GSAH2196.JPG";3,22;3,22;13,978;22;1;1
"1198";"GSAH2197.JPG";3,55;3,55;11,426;80;1;1
"1199";"GSAH2198.JPG";3,31;3,31;13,288;78;1;1
"1200";"GSAH2199.JPG";2,98;2,98;16,185;69;1;1
"1201";"GSAH2200.JPG";3,37;3,37;12,762;64;1;1
"1202";"GSAH2201.JPG";3,52;3,52;11,69;80;1;1
"1203";"GSAH2202.JPG";3,34;3,34;13,047;70;1;1
"1204";"GSAH2203.JPG";3,2;3,2;14,181;78;1;1
"1205";"GSAH2204.JPG";3,26;3,26;13,678;62;1;1
"1206";"GSAH2205.JPG";2,89;2,89;17,095;69;1;1
"1207";"GSAH2206.JPG";3,25;3,25;13,746;12;1;1
"1208";"GSAH2207.JPG";3,47;3,47;12,041;78;1;1
"1209";"GSAH2208.JPG";3,66;3,66;10,715;67;1;1
"1210";"GSAH2209.JPG";2,93;2,93;16,685;69;1;1
"1211";"GSAH2210.JPG";3,01;3,01;15,962;68;1;1
"1212";"GSAH2211.JPG";3,38;3,38;12,673;14;1;1
"1213";"GSAH2212.JPG";3,68;3,68;10,602;81;1;1
"1214";"GSAH2213.JPG";3,49;3,49;11,865;82;1;1
"1215";"GSAH2214.JPG";3,32;3,32;13,194;70;1;1
"1216";"GSAH2215.JPG";3,03;3,03;15,769;69;1;1
"1217";"GSAH2216.JPG";3,09;3,09;15,206;64;1;1
"1218";"GSAH2217.JPG";3,13;3,13;14,801;78;1;1
"1219";"GSAH2218.JPG";2,98;2,98;16,208;82;1;1
"1220";"GSAH2219.JPG";2,92;2,92;16,828;55;1;1
"1221";"GSAH2220.JPG";3;3;15,978;69;1;1
"1222";"GSAH2221.JPG";2,7;2,7;19,2;81;1;1
"1223";"GSAH2222.JPG";2,92;2,92;16,864;86;1;1
"1224";"GSAH2223.JPG";2,89;2,89;17,141;86;1;1
"1225";"GSAH2224.JPG";2,97;2,97;16,315;53;1;1
"1226";"GSAH2225.JPG";3,04;3,04;15,656;70;1;1
"1227";"GSAH2226.JPG";2,89;2,89;17,163;82;1;1
"1228";"GSAH2227.JPG";2,85;2,85;17,529;64;1;1
"1229";"GSAH2228.JPG";2,8;2,8;18,096;70;1;1
"1230";"GSAH2229.JPG";2,84;2,84;17,684;67;1;1
"1231";"GSAH2230.JPG";3;3;16,063;77;1;1
"1232";"GSAH2231.JPG";2,94;2,94;16,658;67;1;1
"1233";"GSAH2232.JPG";2,54;2,54;21,259;76;1;1
"1234";"GSAH2233.JPG";2,64;2,64;19,93;66;1;1
"1235";"GSAH2234.JPG";2,93;2,93;16,683;69;1;1
"1236";"GSAH2235.JPG";2,75;2,75;18,624;79;1;1
"1237";"GSAH2236.JPG";2,7;2,7;19,205;67;1;1
"1238";"GSAH2237.JPG";2,95;2,95;16,548;80;1;1
"1239";"GSAH2238.JPG";2,51;2,51;21,657;64;1;1
"1240";"GSAH2239.JPG";2,68;2,68;19,477;68;1;1
"1241";"GSAH2240.JPG";2,06;2,06;28,421;70;1;1
"1242";"GSAH2241.JPG";1,37;1,37;43,433;67;1;1
"1243";"GSAH2242.JPG";1,3;1,3;45,152;64;1;1
"1244";"GSAH2243.JPG";1,38;1,38;43,142;85;1;1
"1245";"GSAH2244.JPG";1,36;1,36;43,492;67;1;1
"1246";"GSAH2245.JPG";1,33;1,33;44,514;66;1;1
"1247";"GSAH2246.JPG";2,23;2,23;25,601;77;1;1
"1248";"GSAH2247.JPG";2,45;2,45;22,39;78;1;1
"1249";"GSAH2248.JPG";3,15;3,15;14,598;77;1;1
"1250";"GSAH2249.JPG";3,64;3,64;10,85;78;1;1
"1251";"GSAH2250.JPG";5,05;5,05;4,576;78;1;1
"1252";"GSAH2251.JPG";4,38;4,38;6,903;66;1;1
"1253";"GSAH2252.JPG";4,37;4,37;6,937;68;1;1
"1254";"GSAH2253.JPG";3,17;3,17;14,477;23;1;1
"1255";"GSAH2254.JPG";3,7;3,7;10,43;62;1;1
"1256";"GSAH2255.JPG";3,19;3,19;14,232;63;1;1
"1257";"GSAH2256.JPG";3,49;3,49;11,904;64;1;1
"1258";"GSAH2257.JPG";3,53;3,53;11,57;70;1;1
"1259";"GSAH2258.JPG";3,29;3,29;13,454;82;1;1
"1260";"GSAH2259.JPG";3,28;3,28;13,519;81;1;1
"1261";"GSAH2260.JPG";3,18;3,18;14,34;78;1;1
"1262";"GSAH2261.JPG";3;3;16,037;55;1;1
"1263";"GSAH2262.JPG";3,2;3,2;14,182;86;1;1
"1264";"GSAH2263.JPG";3,43;3,43;12,353;70;1;1
"1265";"GSAH2264.JPG";3,69;3,69;10,497;64;1;1
"1266";"GSAH2265.JPG";3,42;3,42;12,408;63;1;1
"1267";"GSAH2266.JPG";3,3;3,3;13,306;18;1;1
"1268";"GSAH2267.JPG";3,28;3,28;13,546;77;1;1
"1269";"GSAH2268.JPG";3,38;3,38;12,717;78;1;1
"1270";"GSAH2269.JPG";3,52;3,52;11,699;70;1;1
"1271";"GSAH2270.JPG";3,55;3,55;11,439;78;1;1
"1272";"GSAH2271.JPG";3,29;3,29;13,405;86;1;1
"1273";"GSAH2272.JPG";3,28;3,28;13,509;78;1;1
"1274";"GSAH2273.JPG";3,23;3,23;13,918;62;1;1
"1275";"GSAH2274.JPG";2,99;2,99;16,166;81;1;1
"1276";"GSAH2275.JPG";3,44;3,44;12,274;78;1;1
"1277";"GSAH2276.JPG";3,3;3,3;13,35;67;1;1
"1278";"GSAH2277.JPG";3,07;3,07;15,336;14;1;1
"1279";"GSAH2278.JPG";3,02;3,02;15,811;67;1;1
"1280";"GSAH2279.JPG";2,53;2,53;21,374;70;1;1
"1281";"GSAH2280.JPG";2,61;2,61;20,286;69;1;1
"1282";"GSAH2281.JPG";3,42;3,42;12,369;55;1;1
"1283";"GSAH2282.JPG";3,38;3,38;12,718;77;1;1
"1284";"GSAH2283.JPG";2,85;2,85;17,61;70;1;1
"1285";"GSAH2284.JPG";2,72;2,72;19,052;77;1;1
"1286";"GSAH2285.JPG";2,38;2,38;23,355;64;1;1
"1287";"GSAH2286.JPG";2,84;2,84;17,63;66;1;1
"1288";"GSAH2287.JPG";2,85;2,85;17,556;86;1;1
"1289";"GSAH2288.JPG";2,84;2,84;17,715;81;1;1
"1290";"GSAH2289.JPG";2,59;2,59;20,564;78;1;1
"1291";"GSAH2290.JPG";2,76;2,76;18,565;70;1;1
"1292";"GSAH2291.JPG";2,55;2,55;21,132;68;1;1
"1293";"GSAH2292.JPG";2,57;2,57;20,79;77;1;1
"1294";"GSAH2293.JPG";2,51;2,51;21,591;70;1;1
"1295";"GSAH2294.JPG";2,16;2,16;26,796;76;1;1
"1296";"GSAH2295.JPG";2,56;2,56;20,908;68;1;1
"1297";"GSAH2296.JPG";2,38;2,38;23,447;14;1;1
"1298";"GSAH2297.JPG";2,29;2,29;24,665;84;1;1
"1299";"GSAH2298.JPG";2,38;2,38;23,395;70;1;1
"1300";"GSAH2299.JPG";2,35;2,35;23,763;68;1;1
"1301";"GSAH2300.JPG";2,54;2,54;21,24;78;1;1
"1302";"GSAH2301.JPG";2,73;2,73;18,842;69;1;1
"1303";"GSAH2302.JPG";2,72;2,72;19,006;22;1;1
"1304";"GSAH2303.JPG";2,52;2,52;21,421;64;1;1
"1305";"GSAH2304.JPG";2,54;2,54;21,198;79;1;1
"1306";"GSAH2305.JPG";2,45;2,45;22,442;67;1;1
"1307";"GSAH2306.JPG";1,98;1,98;29,783;62;1;1
"1308";"GSAH2307.JPG";3,07;3,07;15,359;86;1;1
"1309";"GSAH2308.JPG";2,58;2,58;20,748;69;1;1
"1310";"GSAH2309.JPG";2,89;2,89;17,089;70;1;1
"1311";"GSAH2310.JPG";2,9;2,9;17,08;68;1;1
"1312";"GSAH2311.JPG";3,09;3,09;15,153;69;1;1
"1313";"GSAH2312.JPG";2,84;2,84;17,647;64;1;1
"1314";"GSAH2313.JPG";2,92;2,92;16,83;67;1;1
"1315";"GSAH2314.JPG";2,65;2,65;19,859;70;1;1
"1316";"GSAH2315.JPG";2,76;2,76;18,558;69;1;1
"1317";"GSAH2316.JPG";3,14;3,14;14,717;77;1;1
"1318";"GSAH2317.JPG";3,16;3,16;14,573;70;1;1
"1319";"GSAH2318.JPG";3,06;3,06;15,475;70;1;1
"1320";"GSAH2319.JPG";3,38;3,38;12,671;14;1;1
"1321";"GSAH2320.JPG";3,75;3,75;10,153;66;1;1
"1322";"GSAH2321.JPG";3,04;3,04;15,651;70;1;1
"1323";"GSAH2322.JPG";3,14;3,14;14,68;82;1;1
"1324";"GSAH2323.JPG";3,34;3,34;13,048;81;1;1
"1325";"GSAH2324.JPG";3,23;3,23;13,957;78;1;1
"1326";"GSAH2325.JPG";3,28;3,28;13,512;78;1;1
"1327";"GSAH2326.JPG";3,14;3,14;14,714;70;1;1
"1328";"GSAH2327.JPG";3,21;3,21;14,07;74;1;1
"1329";"GSAH2328.JPG";3,12;3,12;14,882;63;1;1
"1330";"GSAH2329.JPG";3,65;3,65;10,794;62;1;1
"1331";"GSAH2330.JPG";3,8;3,8;9,805;67;1;1
"1332";"GSAH2331.JPG";3;3;16,045;69;1;1
"1333";"GSAH2332.JPG";2,58;2,58;20,671;78;1;1
"1334";"GSAH2333.JPG";2,81;2,81;18,035;70;1;1
"1335";"GSAH2334.JPG";3,01;3,01;15,965;78;1;1
"1336";"GSAH2335.JPG";2,82;2,82;17,863;69;1;1
"1337";"GSAH2336.JPG";2,73;2,73;18,87;81;1;1
"1338";"GSAH2337.JPG";2,99;2,99;16,124;64;1;1
"1339";"GSAH2338.JPG";3,07;3,07;15,392;86;1;1
"1340";"GSAH2339.JPG";2,78;2,78;18,347;69;1;1
"1341";"GSAH2340.JPG";3,12;3,12;14,931;64;1;1
"1342";"GSAH2341.JPG";2,72;2,72;18,952;76;1;1
"1343";"GSAH2342.JPG";2,96;2,96;16,463;69;1;1
"1344";"GSAH2343.JPG";2,58;2,58;20,76;76;1;1
"1345";"GSAH2344.JPG";2,92;2,92;16,858;68;1;1
"1346";"GSAH2345.JPG";2,61;2,61;20,362;14;1;1
"1347";"GSAH2346.JPG";3,03;3,03;15,755;81;1;1
"1348";"GSAH2347.JPG";2,78;2,78;18,296;68;1;1
"1349";"GSAH2348.JPG";2,48;2,48;22,014;70;1;1
"1350";"GSAH2349.JPG";2,84;2,84;17,616;70;1;1
"1351";"GSAH2350.JPG";3,35;3,35;12,929;64;1;1
"1352";"GSAH2351.JPG";2,96;2,96;16,403;70;1;1
"1353";"GSAH2352.JPG";2,93;2,93;16,683;64;1;1
"1354";"GSAH2353.JPG";3,02;3,02;15,805;82;1;1
"1355";"GSAH2354.JPG";3;3;15,986;68;1;1
"1356";"GSAH2355.JPG";3,02;3,02;15,808;70;1;1
"1357";"GSAH2356.JPG";2,91;2,91;16,979;67;1;1
"1358";"GSAH2357.JPG";3,1;3,1;15,039;81;1;1
"1359";"GSAH2358.JPG";3,84;3,84;9,604;41;1;1
"1360";"GSAH2359.JPG";2,46;2,46;22,291;86;1;1
"1361";"GSAH2360.JPG";2,01;2,01;29,253;80;1;1
"1362";"GSAH2361.JPG";1,69;1,69;35,587;45;1;1
"1363";"GSAH2362.JPG";1,56;1,56;38,7;70;1;1
"1364";"GSAH2363.JPG";1,46;1,46;40,973;77;1;1
"1365";"GSAH2364.JPG";1,32;1,32;44,694;77;1;1
"1366";"GSAH2365.JPG";1,45;1,45;41,147;68;1;1
"1367";"GSAH2366.JPG";1,3;1,3;45,348;86;1;1
"1368";"GSAH2367.JPG";2,64;2,64;19,954;67;1;1
"1369";"GSAH2368.JPG";2,36;2,36;23,625;78;1;1
"1370";"GSAH2369.JPG";2,59;2,59;20,535;81;1;1
"1371";"GSAH2370.JPG";2,19;2,19;26,232;77;1;1
"1372";"GSAH2371.JPG";2,34;2,34;23,999;68;1;1
"1373";"GSAH2372.JPG";3,43;3,43;12,317;24;1;1
"1374";"GSAH2373.JPG";3,39;3,39;12,665;13;1;1
"1375";"GSAH2374.JPG";3,74;3,74;10,203;80;1;1
"1376";"GSAH2375.JPG";4,4;4,4;6,821;75;1;1
"1377";"GSAH2376.JPG";5,03;5,03;4,645;81;1;1
"1378";"GSAH2377.JPG";6,28;6,28;2,168;69;1;1
"1379";"GSAH2378.JPG";7,9;7,9;0,804;76;1;1
"1380";"GSAH2379.JPG";5,53;5,53;3,42;52;1;1
"1381";"GSAH2380.JPG";6,37;6,37;2,048;77;1;1
"1382";"GSAH2381.JPG";6,12;6,12;2,385;77;1;1
"1383";"GSAH2382.JPG";5,91;5,91;2,715;76;1;1
"1384";"GSAH2383.JPG";5,36;5,36;3,788;82;1;1
"1385";"GSAH2384.JPG";4,98;4,98;4,798;57;1;1
"1386";"GSAH2385.JPG";3,78;3,78;9,957;78;1;1
"1387";"GSAH2386.JPG";4,02;4,02;8,623;79;1;1
"1388";"GSAH2387.JPG";3,33;3,33;13,135;86;1;1
"1389";"GSAH2388.JPG";3,64;3,64;10,872;78;1;1
"1390";"GSAH2389.JPG";3,09;3,09;15,136;70;1;1
"1391";"GSAH2390.JPG";2,96;2,96;16,374;46;1;1
"1392";"GSAH2391.JPG";3,28;3,28;13,531;70;1;1
"1393";"GSAH2392.JPG";2,9;2,9;16,983;78;1;1
"1394";"GSAH2393.JPG";3,23;3,23;13,959;45;1;1
"1395";"GSAH2394.JPG";3,6;3,6;11,136;77;1;1
"1396";"GSAH2395.JPG";3,46;3,46;12,099;69;1;1
"1397";"GSAH2396.JPG";3,06;3,06;15,444;67;1;1
"1398";"GSAH2397.JPG";2,87;2,87;17,313;81;1;1
"1399";"GSAH2398.JPG";3,12;3,12;14,852;81;1;1
"1400";"GSAH2399.JPG";4,03;4,03;8,533;65;1;1
"1401";"GSAH2400.JPG";3,9;3,9;9,246;77;1;1
"1402";"GSAH2401.JPG";3,49;3,49;11,874;68;1;1
"1403";"GSAH2402.JPG";3,46;3,46;12,129;13;1;1
"1404";"GSAH2403.JPG";3,64;3,64;10,819;64;1;1
"1405";"GSAH2404.JPG";3,64;3,64;10,871;78;1;1
"1406";"GSAH2405.JPG";3,58;3,58;11,224;77;1;1
"1407";"GSAH2406.JPG";4;4;8,679;14;1;1
"1408";"GSAH2407.JPG";3,87;3,87;9,416;74;1;1
"1409";"GSAH2408.JPG";3,23;3,23;13,939;70;1;1
"1410";"GSAH2409.JPG";3,86;3,86;9,461;81;1;1
"1411";"GSAH2410.JPG";3,36;3,36;12,866;64;1;1
"1412";"GSAH2411.JPG";3,44;3,44;12,285;85;1;1
"1413";"GSAH2412.JPG";3,46;3,46;12,07;82;1;1
"1414";"GSAH2413.JPG";3,44;3,44;12,265;81;1;1
"1415";"GSAH2414.JPG";3,84;3,84;9,589;63;1;1
"1416";"GSAH2415.JPG";3,48;3,48;11,965;80;1;1
"1417";"GSAH2416.JPG";3,64;3,64;10,835;79;1;1
"1418";"GSAH2417.JPG";3,67;3,67;10,625;76;1;1
"1419";"GSAH2418.JPG";3,38;3,38;12,74;77;1;1
"1420";"GSAH2419.JPG";3,57;3,57;11,304;76;1;1
"1421";"GSAH2420.JPG";3,16;3,16;14,522;70;1;1
"1422";"GSAH2421.JPG";3,53;3,53;11,613;85;1;1
"1423";"GSAH2422.JPG";3,01;3,01;15,918;69;1;1
"1424";"GSAH2423.JPG";3,36;3,36;12,829;34;1;1
"1425";"GSAH2424.JPG";3,24;3,24;13,872;68;1;1
"1426";"GSAH2425.JPG";3,05;3,05;15,579;64;1;1
"1427";"GSAH2426.JPG";2,87;2,87;17,36;79;1;1
"1428";"GSAH2427.JPG";2,61;2,61;20,296;67;1;1
"1429";"GSAH2428.JPG";2,77;2,77;18,456;69;1;1
"1430";"GSAH2429.JPG";2,52;2,52;21,434;67;1;1
"1431";"GSAH2430.JPG";2,72;2,72;19,027;78;1;1
"1432";"GSAH2431.JPG";3,1;3,1;15,115;70;1;1
"1433";"GSAH2432.JPG";2,86;2,86;17,483;78;1;1
"1434";"GSAH2433.JPG";2,89;2,89;17,168;63;1;1
"1435";"GSAH2434.JPG";2,71;2,71;19,098;65;1;1
"1436";"GSAH2435.JPG";2,85;2,85;17,556;23;1;1
"1437";"GSAH2436.JPG";2,79;2,79;18,201;70;1;1
"1438";"GSAH2437.JPG";2,75;2,75;18,716;67;1;1
"1439";"GSAH2438.JPG";2,54;2,54;21,256;78;1;1
"1440";"GSAH2439.JPG";2,81;2,81;18,025;77;1;1
"1441";"GSAH2440.JPG";3,23;3,23;13,956;69;1;1
"1442";"GSAH2441.JPG";3,13;3,13;14,757;70;1;1
"1443";"GSAH2442.JPG";2,95;2,95;16,475;69;1;1
"1444";"GSAH2443.JPG";3,05;3,05;15,531;79;1;1
"1445";"GSAH2444.JPG";2,99;2,99;16,139;46;1;1
"1446";"GSAH2445.JPG";3,02;3,02;15,864;69;1;1
"1447";"GSAH2446.JPG";2,99;2,99;16,14;62;1;1
"1448";"GSAH2447.JPG";2,89;2,89;17,176;69;1;1
"1449";"GSAH2448.JPG";2,91;2,91;16,909;81;1;1
"1450";"GSAH2449.JPG";3,08;3,08;15,226;62;1;1
"1451";"GSAH2450.JPG";2,68;2,68;19,492;78;1;1
"1452";"GSAH2451.JPG";2,75;2,75;18,685;41;1;1
"1453";"GSAH2452.JPG";2,94;2,94;16,608;79;1;1
"1454";"GSAH2453.JPG";2,89;2,89;17,168;69;1;1
"1455";"GSAH2454.JPG";3,14;3,14;14,72;64;1;1
"1456";"GSAH2455.JPG";2,89;2,89;17,1;80;1;1
"1457";"GSAH2456.JPG";2,97;2,97;16,345;14;1;1
"1458";"GSAH2457.JPG";2,89;2,89;17,141;69;1;1
"1459";"GSAH2458.JPG";2,96;2,96;16,369;84;1;1
"1460";"GSAH2459.JPG";3,18;3,18;14,386;64;1;1
"1461";"GSAH2460.JPG";3,47;3,47;12,019;53;1;1
"1462";"GSAH2461.JPG";3,59;3,59;11,18;69;1;1
"1463";"GSAH2462.JPG";3,48;3,48;11,989;67;1;1
"1464";"GSAH2463.JPG";3,56;3,56;11,351;78;1;1
"1465";"GSAH2464.JPG";3,52;3,52;11,689;78;1;1
"1466";"GSAH2465.JPG";3,32;3,32;13,159;77;1;1
"1467";"GSAH2466.JPG";3,45;3,45;12,139;77;1;1
"1468";"GSAH2467.JPG";3,37;3,37;12,752;78;1;1
"1469";"GSAH2468.JPG";3,35;3,35;12,972;64;1;1
"1470";"GSAH2469.JPG";3,49;3,49;11,902;64;1;1
"1471";"GSAH2470.JPG";3,41;3,41;12,483;86;1;1
"1472";"GSAH2471.JPG";3,46;3,46;12,068;81;1;1
"1473";"GSAH2472.JPG";3,27;3,27;13,547;77;1;1
"1474";"GSAH2473.JPG";3,35;3,35;12,908;62;1;1
"1475";"GSAH2474.JPG";3,36;3,36;12,892;77;1;1
"1476";"GSAH2475.JPG";3,17;3,17;14,411;70;1;1
"1477";"GSAH2476.JPG";2,83;2,83;17,781;78;1;1
"1478";"GSAH2477.JPG";2,8;2,8;18,134;64;1;1
"1479";"GSAH2478.JPG";2,79;2,79;18,188;64;1;1
"1480";"GSAH2479.JPG";2,54;2,54;21,226;76;1;1
"1481";"GSAH2480.JPG";2,61;2,61;20,336;64;1;1
"1482";"GSAH2481.JPG";2,58;2,58;20,701;77;1;1
"1483";"GSAH2482.JPG";2,84;2,84;17,617;86;1;1
"1484";"GSAH2483.JPG";2,73;2,73;18,891;80;1;1
"1485";"GSAH2484.JPG";2,88;2,88;17,211;67;1;1
"1486";"GSAH2485.JPG";2,95;2,95;16,566;69;1;1
"1487";"GSAH2486.JPG";2,88;2,88;17,286;77;1;1
"1488";"GSAH2487.JPG";3,05;3,05;15,588;81;1;1
"1489";"GSAH2488.JPG";3,48;3,48;11,923;82;1;1
"1490";"GSAH2489.JPG";3,97;3,97;8,882;70;1;1
"1491";"GSAH2490.JPG";3,36;3,36;12,851;64;1;1
"1492";"GSAH2491.JPG";3,33;3,33;13,105;77;1;1
"1493";"GSAH2492.JPG";3,24;3,24;13,881;81;1;1
"1494";"GSAH2493.JPG";3,32;3,32;13,164;64;1;1
"1495";"GSAH2494.JPG";3,07;3,07;15,37;64;1;1
"1496";"GSAH2495.JPG";3,87;3,87;9,437;70;1;1
"1497";"GSAH2496.JPG";3,35;3,35;12,963;67;1;1
"1498";"GSAH2497.JPG";3,24;3,24;13,844;69;1;1
"1499";"GSAH2498.JPG";3,13;3,13;14,778;81;1;1
"1500";"GSAH2499.JPG";3,27;3,27;13,568;67;1;1
"1501";"GSAH2500.JPG";3,47;3,47;11,995;81;1;1
"1502";"GSAH2501.JPG";3,33;3,33;13,097;66;1;1
"1503";"GSAH2502.JPG";3,07;3,07;15,363;69;1;1
"1504";"GSAH2503.JPG";3,26;3,26;13,631;70;1;1
"1505";"GSAH2504.JPG";3,07;3,07;15,308;69;1;1
"1506";"GSAH2505.JPG";3,04;3,04;15,652;70;1;1
"1507";"GSAH2506.JPG";2,89;2,89;17,128;69;1;1
"1508";"GSAH2507.JPG";2,85;2,85;17,583;64;1;1
"1509";"GSAH2508.JPG";3,07;3,07;15,338;69;1;1
"1510";"GSAH2509.JPG";3,19;3,19;14,228;62;1;1
"1511";"GSAH2510.JPG";3,16;3,16;14,526;69;1;1
"1512";"GSAH2511.JPG";3,09;3,09;15,141;63;1;1
"1513";"GSAH2512.JPG";3,11;3,11;15,02;69;1;1
"1514";"GSAH2513.JPG";2,79;2,79;18,218;82;1;1
"1515";"GSAH2514.JPG";2,62;2,62;20,203;77;1;1
"1516";"GSAH2515.JPG";2,87;2,87;17,345;78;1;1
"1517";"GSAH2516.JPG";2,73;2,73;18,925;69;1;1
"1518";"GSAH2517.JPG";2,58;2,58;20,653;85;1;1
"1519";"GSAH2518.JPG";2,57;2,57;20,794;68;1;1
"1520";"GSAH2519.JPG";2,64;2,64;20,014;70;1;1
"1521";"GSAH2520.JPG";2,48;2,48;21,975;77;1;1
"1522";"GSAH2521.JPG";3,03;3,03;15,779;64;1;1
"1523";"GSAH2522.JPG";3,05;3,05;15,546;67;1;1
"1524";"GSAH2523.JPG";2,83;2,83;17,762;81;1;1
"1525";"GSAH2524.JPG";2,7;2,7;19,197;66;1;1
"1526";"GSAH2525.JPG";3,36;3,36;12,839;25;1;1
"1527";"GSAH2526.JPG";3,14;3,14;14,697;69;1;1
"1528";"GSAH2527.JPG";3,01;3,01;15,962;64;1;1
"1529";"GSAH2528.JPG";2,87;2,87;17,323;77;1;1
"1530";"GSAH2529.JPG";2,22;2,22;25,797;82;1;1
"1531";"GSAH2530.JPG";2,2;2,2;26,101;68;1;1
"1532";"GSAH2531.JPG";1,98;1,98;29,888;76;1;1
"1533";"GSAH2532.JPG";1,58;1,58;38,13;69;1;1
"1534";"GSAH2533.JPG";1,34;1,34;44,049;67;1;1
"1535";"GSAH2534.JPG";1,36;1,36;43,72;85;1;1
"1536";"GSAH2535.JPG";1,41;1,41;42,161;69;1;1
"1537";"GSAH2536.JPG";1,46;1,46;40,942;69;1;1
"1538";"GSAH2537.JPG";1,35;1,35;43,797;64;1;1
"1539";"GSAH2538.JPG";2,35;2,35;23,758;69;1;1
"1540";"GSAH2539.JPG";2,58;2,58;20,667;68;1;1
"1541";"GSAH2540.JPG";2,82;2,82;17,869;69;1;1
"1542";"GSAH2541.JPG";4,01;4,01;8,654;77;1;1
"1543";"GSAH2542.JPG";7,19;7,19;1,243;64;1;1
"1544";"GSAH2543.JPG";5,08;5,08;4,489;81;1;1
"1545";"GSAH2544.JPG";7,01;7,01;1,386;81;1;1
"1546";"GSAH2545.JPG";6,71;6,71;1,663;69;1;1
"1547";"GSAH2546.JPG";4,97;4,97;4,82;69;1;1
"1548";"GSAH2547.JPG";4,89;4,89;5,049;64;1;1
"1549";"GSAH2548.JPG";4,64;4,64;5,895;85;1;1
"1550";"GSAH2549.JPG";4,16;4,16;7,904;14;1;1
"1551";"GSAH2550.JPG";3,56;3,56;11,349;69;1;1
"1552";"GSAH2551.JPG";3,49;3,49;11,915;76;1;1
"1553";"GSAH2552.JPG";3,32;3,32;13,158;78;1;1
"1554";"GSAH2553.JPG";3,48;3,48;11,938;85;1;1
"1555";"GSAH2554.JPG";3,15;3,15;14,606;68;1;1
"1556";"GSAH2555.JPG";3,23;3,23;13,947;75;1;1
"1557";"GSAH2556.JPG";3,64;3,64;10,813;78;1;1
"1558";"GSAH2557.JPG";3,67;3,67;10,646;61;1;1
"1559";"GSAH2558.JPG";3,79;3,79;9,917;82;1;1
"1560";"GSAH2559.JPG";3,92;3,92;9,131;79;1;1
"1561";"GSAH2560.JPG";4,01;4,01;8,631;14;1;1
"1562";"GSAH2561.JPG";4,01;4,01;8,648;66;1;1
"1563";"GSAH2562.JPG";3,87;3,87;9,396;66;1;1
"1564";"GSAH2563.JPG";3,47;3,47;12,017;69;1;1
"1565";"GSAH2564.JPG";3,25;3,25;13,786;70;1;1
"1566";"GSAH2565.JPG";3,24;3,24;13,858;78;1;1
"1567";"GSAH2566.JPG";3,85;3,85;9,552;74;1;1
"1568";"GSAH2567.JPG";3,85;3,85;9,556;78;1;1
"1569";"GSAH2568.JPG";3,72;3,72;10,325;81;1;1
"1570";"GSAH2569.JPG";3,42;3,42;12,393;58;1;1
"1571";"GSAH2570.JPG";3,54;3,54;11,52;81;1;1
"1572";"GSAH2571.JPG";3,87;3,87;9,435;64;1;1
"1573";"GSAH2572.JPG";4,14;4,14;8,007;24;1;1
"1574";"GSAH2573.JPG";3,98;3,98;8,789;70;1;1
"1575";"GSAH2574.JPG";3,66;3,66;10,681;70;1;1
"1576";"GSAH2575.JPG";3,81;3,81;9,772;78;1;1
"1577";"GSAH2576.JPG";3,36;3,36;12,847;84;1;1
"1578";"GSAH2577.JPG";3,66;3,66;10,681;25;1;1
"1579";"GSAH2578.JPG";3,7;3,7;10,442;14;1;1
"1580";"GSAH2579.JPG";4,39;4,39;6,84;62;1;1
"1581";"GSAH2580.JPG";3,73;3,73;10,276;25;1;1
"1582";"GSAH2581.JPG";3,45;3,45;12,206;80;1;1
"1583";"GSAH2582.JPG";3,6;3,6;11,083;79;1;1
"1584";"GSAH2583.JPG";3,65;3,65;10,772;81;1;1
"1585";"GSAH2584.JPG";3,63;3,63;10,935;77;1;1
"1586";"GSAH2585.JPG";3,5;3,5;11,786;82;1;1
"1587";"GSAH2586.JPG";3,11;3,11;14,986;64;1;1
"1588";"GSAH2587.JPG";2,95;2,95;16,55;64;1;1
"1589";"GSAH2588.JPG";3,14;3,14;14,701;86;1;1
"1590";"GSAH2589.JPG";2,86;2,86;17,464;78;1;1
"1591";"GSAH2590.JPG";2,86;2,86;17,406;69;1;1
"1592";"GSAH2591.JPG";3,04;3,04;15,623;25;1;1
"1593";"GSAH2592.JPG";2,99;2,99;16,087;70;1;1
"1594";"GSAH2593.JPG";3;3;16,054;14;1;1
"1595";"GSAH2594.JPG";2,91;2,91;16,959;64;1;1
"1596";"GSAH2595.JPG";2,93;2,93;16,715;78;1;1
"1597";"GSAH2596.JPG";2,84;2,84;17,67;67;1;1
"1598";"GSAH2597.JPG";2,85;2,85;17,562;76;1;1
"1599";"GSAH2598.JPG";2,62;2,62;20,17;69;1;1
"1600";"GSAH2599.JPG";2,5;2,5;21,724;64;1;1
"1601";"GSAH2600.JPG";3,15;3,15;14,655;64;1;1
"1602";"GSAH2601.JPG";3,82;3,82;9,714;70;1;1
"1603";"GSAH2602.JPG";3,51;3,51;11,76;86;1;1
"1604";"GSAH2603.JPG";3,24;3,24;13,847;78;1;1
"1605";"GSAH2604.JPG";2,95;2,95;16,497;81;1;1
"1606";"GSAH2605.JPG";2,76;2,76;18,527;46;1;1
"1607";"GSAH2606.JPG";3,09;3,09;15,197;14;1;1
"1608";"GSAH2607.JPG";2,94;2,94;16,654;67;1;1
"1609";"GSAH2608.JPG";2,99;2,99;16,082;77;1;1
"1610";"GSAH2609.JPG";3,46;3,46;12,099;45;1;1
"1611";"GSAH2610.JPG";2,77;2,77;18,419;67;1;1
"1612";"GSAH2611.JPG";3,06;3,06;15,449;78;1;1
"1613";"GSAH2612.JPG";3,16;3,16;14,503;23;1;1
"1614";"GSAH2613.JPG";3,63;3,63;10,928;81;1;1
"1615";"GSAH2614.JPG";5,14;5,14;4,333;65;1;1
"1616";"GSAH2615.JPG";3,91;3,91;9,221;76;1;1
"1617";"GSAH2616.JPG";3,55;3,55;11,48;82;1;1
"1618";"GSAH2617.JPG";3,02;3,02;15,864;77;1;1
"1619";"GSAH2618.JPG";3,02;3,02;15,826;69;1;1
"1620";"GSAH2619.JPG";3,64;3,64;10,87;64;1;1
"1621";"GSAH2620.JPG";3,77;3,77;10,031;81;1;1
"1622";"GSAH2621.JPG";3,52;3,52;11,644;70;1;1
"1623";"GSAH2622.JPG";3,88;3,88;9,392;62;1;1
"1624";"GSAH2623.JPG";3,27;3,27;13,59;67;1;1
"1625";"GSAH2624.JPG";3,64;3,64;10,818;57;1;1
"1626";"GSAH2625.JPG";3,81;3,81;9,793;68;1;1
"1627";"GSAH2626.JPG";3,31;3,31;13,256;77;1;1
"1628";"GSAH2627.JPG";3,05;3,05;15,572;67;1;1
"1629";"GSAH2628.JPG";3,26;3,26;13,636;86;1;1
"1630";"GSAH2629.JPG";3,25;3,25;13,787;12;1;1
"1631";"GSAH2630.JPG";3,01;3,01;15,89;20;1;1
"1632";"GSAH2631.JPG";3,05;3,05;15,518;62;1;1
"1633";"GSAH2632.JPG";3,27;3,27;13,555;81;1;1
"1634";"GSAH2633.JPG";3,09;3,09;15,197;67;1;1
"1635";"GSAH2634.JPG";3;3;16,005;69;1;1
"1636";"GSAH2635.JPG";3,54;3,54;11,521;69;1;1
"1637";"GSAH2636.JPG";3,8;3,8;9,82;81;1;1
"1638";"GSAH2637.JPG";3,2;3,2;14,151;78;1;1
"1639";"GSAH2638.JPG";3,29;3,29;13,384;82;1;1
"1640";"GSAH2639.JPG";3,11;3,11;14,951;66;1;1
"1641";"GSAH2640.JPG";2,93;2,93;16,737;77;1;1
"1642";"GSAH2641.JPG";3;3;15,992;76;1;1
"1643";"GSAH2642.JPG";3,02;3,02;15,832;77;1;1
"1644";"GSAH2643.JPG";2,96;2,96;16,469;78;1;1
"1645";"GSAH2644.JPG";3;3;16,049;68;1;1
"1646";"GSAH2645.JPG";2,96;2,96;16,429;23;1;1
"1647";"GSAH2646.JPG";3,16;3,16;14,489;78;1;1
"1648";"GSAH2647.JPG";3,13;3,13;14,815;64;1;1
"1649";"GSAH2648.JPG";3,19;3,19;14,279;78;1;1
"1650";"GSAH2649.JPG";3,16;3,16;14,514;78;1;1
"1651";"GSAH2650.JPG";3,2;3,2;14,187;23;1;1
"1652";"GSAH2651.JPG";3,14;3,14;14,684;69;1;1
"1653";"GSAH2652.JPG";2,94;2,94;16,588;78;1;1
"1654";"GSAH2653.JPG";2,89;2,89;17,146;77;1;1
"1655";"GSAH2654.JPG";2,75;2,75;18,631;77;1;1
"1656";"GSAH2655.JPG";2,47;2,47;22,087;84;1;1
"1657";"GSAH2656.JPG";2,29;2,29;24,686;70;1;1
"1658";"GSAH2657.JPG";2,28;2,28;24,868;77;1;1
"1659";"GSAH2658.JPG";2,09;2,09;27,876;81;1;1
"1660";"GSAH2659.JPG";1,76;1,76;34,257;45;1;1
"1661";"GSAH2660.JPG";1,47;1,47;40,819;13;1;1
"1662";"GSAH2661.JPG";1,4;1,4;42,666;64;1;1
"1663";"GSAH2662.JPG";1,46;1,46;41,1;86;1;1
"1664";"GSAH2663.JPG";1,27;1,27;46,066;70;1;1
"1665";"GSAH2664.JPG";1,34;1,34;44,096;68;1;1
"1666";"GSAH2665.JPG";1,72;1,72;34,934;70;1;1
"1667";"GSAH2666.JPG";2,08;2,08;28,061;63;1;1
"1668";"GSAH2667.JPG";2,07;2,07;28,293;13;1;1
"1669";"GSAH2668.JPG";2,15;2,15;26,997;86;1;1
"1670";"GSAH2669.JPG";2,25;2,25;25,375;76;1;1
"1671";"GSAH2670.JPG";2,94;2,94;16,618;82;1;1
"1672";"GSAH2671.JPG";3,57;3,57;11,311;14;1;1
"1673";"GSAH2672.JPG";5,18;5,18;4,234;65;1;1
"1674";"GSAH2673.JPG";4,18;4,18;7,793;69;1;1
"1675";"GSAH2674.JPG";3,09;3,09;15,198;69;1;1
"1676";"GSAH2675.JPG";3,3;3,3;13,307;82;1;1
"1677";"GSAH2676.JPG";3,98;3,98;8,824;79;1;1
"1678";"GSAH2677.JPG";4,28;4,28;7,352;80;1;1
"1679";"GSAH2678.JPG";3,46;3,46;12,097;64;1;1
"1680";"GSAH2679.JPG";4,74;4,74;5,548;70;1;1
"1681";"GSAH2680.JPG";4,78;4,78;5,397;81;1;1
"1682";"GSAH2681.JPG";4,6;4,6;6,052;86;1;1
"1683";"GSAH2682.JPG";3,88;3,88;9,366;86;1;1
"1684";"GSAH2683.JPG";3,74;3,74;10,228;69;1;1
"1685";"GSAH2684.JPG";3,72;3,72;10,343;67;1;1
"1686";"GSAH2685.JPG";3,28;3,28;13,524;78;1;1
"1687";"GSAH2686.JPG";3,56;3,56;11,369;70;1;1
"1688";"GSAH2687.JPG";3,45;3,45;12,162;70;1;1
"1689";"GSAH2688.JPG";3,57;3,57;11,298;14;1;1
"1690";"GSAH2689.JPG";3,65;3,65;10,785;64;1;1
"1691";"GSAH2690.JPG";3,87;3,87;9,408;78;1;1
"1692";"GSAH2691.JPG";4;4;8,704;53;1;1
"1693";"GSAH2692.JPG";3,86;3,86;9,486;70;1;1
"1694";"GSAH2693.JPG";3,77;3,77;10;81;1;1
"1695";"GSAH2694.JPG";3,67;3,67;10,62;76;1;1
"1696";"GSAH2695.JPG";3,79;3,79;9,872;69;1;1
"1697";"GSAH2696.JPG";3,8;3,8;9,805;55;1;1
"1698";"GSAH2697.JPG";3,57;3,57;11,33;84;1;1
"1699";"GSAH2698.JPG";3,4;3,4;12,559;81;1;1
"1700";"GSAH2699.JPG";3,33;3,33;13,069;78;1;1
"1701";"GSAH2700.JPG";3,47;3,47;12,001;64;1;1
"1702";"GSAH2701.JPG";3,74;3,74;10,184;70;1;1
"1703";"GSAH2702.JPG";3,75;3,75;10,134;78;1;1
"1704";"GSAH2703.JPG";3,25;3,25;13,723;64;1;1
"1705";"GSAH2704.JPG";3,62;3,62;10,992;76;1;1
"1706";"GSAH2705.JPG";3,3;3,3;13,354;70;1;1
"1707";"GSAH2706.JPG";3,71;3,71;10,357;85;1;1
"1708";"GSAH2707.JPG";3,95;3,95;8,955;78;1;1
"1709";"GSAH2708.JPG";3,96;3,96;8,896;81;1;1
"1710";"GSAH2709.JPG";3,74;3,74;10,189;77;1;1
"1711";"GSAH2710.JPG";3,39;3,39;12,61;64;1;1
"1712";"GSAH2711.JPG";3,84;3,84;9,605;78;1;1
"1713";"GSAH2712.JPG";4,24;4,24;7,498;11;1;1
"1714";"GSAH2713.JPG";3,5;3,5;11,817;84;1;1
"1715";"GSAH2714.JPG";3,23;3,23;13,908;78;1;1
"1716";"GSAH2715.JPG";3,57;3,57;11,292;81;1;1
"1717";"GSAH2716.JPG";3,2;3,2;14,155;78;1;1
"1718";"GSAH2717.JPG";3,94;3,94;9,039;86;1;1
"1719";"GSAH2718.JPG";3,48;3,48;11,981;78;1;1
"1720";"GSAH2719.JPG";3,31;3,31;13,248;70;1;1
"1721";"GSAH2720.JPG";3,29;3,29;13,434;70;1;1
"1722";"GSAH2721.JPG";2,62;2,62;20,172;81;1;1
"1723";"GSAH2722.JPG";3,24;3,24;13,817;78;1;1
"1724";"GSAH2723.JPG";3,15;3,15;14,634;63;1;1
"1725";"GSAH2724.JPG";2,81;2,81;17,96;70;1;1
"1726";"GSAH2725.JPG";2,72;2,72;19,064;76;1;1
"1727";"GSAH2726.JPG";2,85;2,85;17,563;67;1;1
"1728";"GSAH2727.JPG";2,89;2,89;17,112;78;1;1
"1729";"GSAH2728.JPG";2,94;2,94;16,631;81;1;1
"1730";"GSAH2729.JPG";2,97;2,97;16,273;86;1;1
"1731";"GSAH2730.JPG";3,09;3,09;15,181;65;1;1
"1732";"GSAH2731.JPG";3,11;3,11;14,95;13;1;1
"1733";"GSAH2732.JPG";2,52;2,52;21,484;64;1;1
"1734";"GSAH2733.JPG";2,14;2,14;27,006;14;1;1
"1735";"GSAH2734.JPG";1,8;1,8;33,235;86;1;1
"1736";"GSAH2735.JPG";1,7;1,7;35,492;64;1;1
"1737";"GSAH2736.JPG";2,02;2,02;29,112;85;1;1
"1738";"GSAH2737.JPG";3,21;3,21;14,079;78;1;1
"1739";"GSAH2738.JPG";3,3;3,3;13,311;69;1;1
"1740";"GSAH2739.JPG";4,28;4,28;7,318;63;1;1
"1741";"GSAH2740.JPG";3,89;3,89;9,331;82;1;1
"1742";"GSAH2741.JPG";4,19;4,19;7,739;86;1;1
"1743";"GSAH2742.JPG";4,07;4,07;8,324;81;1;1
"1744";"GSAH2743.JPG";3,71;3,71;10,358;25;1;1
"1745";"GSAH2744.JPG";3,36;3,36;12,89;77;1;1
"1746";"GSAH2745.JPG";3,08;3,08;15,299;70;1;1
"1747";"GSAH2746.JPG";3,03;3,03;15,753;63;1;1
"1748";"GSAH2747.JPG";3,38;3,38;12,726;81;1;1
"1749";"GSAH2748.JPG";3,76;3,76;10,09;80;1;1
"1750";"GSAH2749.JPG";3,06;3,06;15,446;77;1;1
"1751";"GSAH2750.JPG";2,93;2,93;16,719;70;1;1
"1752";"GSAH2751.JPG";3,47;3,47;12,047;57;1;1
"1753";"GSAH2752.JPG";3,84;3,84;9,583;66;1;1
"1754";"GSAH2753.JPG";3,26;3,26;13,689;78;1;1
"1755";"GSAH2754.JPG";3,59;3,59;11,206;81;1;1
"1756";"GSAH2755.JPG";3,58;3,58;11,27;69;1;1
"1757";"GSAH2756.JPG";3,35;3,35;12,95;81;1;1
"1758";"GSAH2757.JPG";3,37;3,37;12,796;78;1;1
"1759";"GSAH2758.JPG";3,52;3,52;11,689;11;1;1
"1760";"GSAH2759.JPG";3,59;3,59;11,19;77;1;1
"1761";"GSAH2760.JPG";3,98;3,98;8,829;25;1;1
"1762";"GSAH2761.JPG";3,77;3,77;10,041;85;1;1
"1763";"GSAH2762.JPG";3,51;3,51;11,747;78;1;1
"1764";"GSAH2763.JPG";3,43;3,43;12,357;62;1;1
"1765";"GSAH2764.JPG";3,11;3,11;14,942;70;1;1
"1766";"GSAH2765.JPG";3,4;3,4;12,514;64;1;1
"1767";"GSAH2766.JPG";3,15;3,15;14,617;70;1;1
"1768";"GSAH2767.JPG";3,17;3,17;14,468;64;1;1
"1769";"GSAH2768.JPG";3,2;3,2;14,139;77;1;1
"1770";"GSAH2769.JPG";3,09;3,09;15,195;69;1;1
"1771";"GSAH2770.JPG";3,75;3,75;10,159;69;1;1
"1772";"GSAH2771.JPG";3,68;3,68;10,558;63;1;1
"1773";"GSAH2772.JPG";3,79;3,79;9,866;78;1;1
"1774";"GSAH2773.JPG";3,24;3,24;13,825;70;1;1
"1775";"GSAH2774.JPG";3,43;3,43;12,308;69;1;1
"1776";"GSAH2775.JPG";3,65;3,65;10,766;75;1;1
"1777";"GSAH2776.JPG";3,38;3,38;12,678;70;1;1
"1778";"GSAH2777.JPG";2,87;2,87;17,363;69;1;1
"1779";"GSAH2778.JPG";3,56;3,56;11,372;81;1;1
"1780";"GSAH2779.JPG";3,71;3,71;10,378;67;1;1
"1781";"GSAH2780.JPG";3,88;3,88;9,367;14;1;1
"1782";"GSAH2781.JPG";3,52;3,52;11,663;69;1;1
"1783";"GSAH2782.JPG";3,73;3,73;10,291;82;1;1
"1784";"GSAH2783.JPG";3,45;3,45;12,175;14;1;1
"1785";"GSAH2784.JPG";3,23;3,23;13,902;67;1;1
"1786";"GSAH2785.JPG";3,45;3,45;12,148;25;1;1
"1787";"GSAH2786.JPG";3,63;3,63;10,876;84;1;1
"1788";"GSAH2787.JPG";3;3;15,979;77;1;1
"1789";"GSAH2788.JPG";3,28;3,28;13,492;81;1;1
"1790";"GSAH2789.JPG";3,42;3,42;12,382;78;1;1
"1791";"GSAH2790.JPG";3,04;3,04;15,596;77;1;1
"1792";"GSAH2791.JPG";2,79;2,79;18,175;69;1;1
"1793";"GSAH2792.JPG";3,14;3,14;14,725;64;1;1
"1794";"GSAH2793.JPG";3,36;3,36;12,881;84;1;1
"1795";"GSAH2794.JPG";2,79;2,79;18,164;63;1;1
"1796";"GSAH2795.JPG";3,17;3,17;14,459;70;1;1
"1797";"GSAH2796.JPG";3,59;3,59;11,177;81;1;1
"1798";"GSAH2797.JPG";3,45;3,45;12,148;63;1;1
"1799";"GSAH2798.JPG";3,15;3,15;14,661;69;1;1
"1800";"GSAH2799.JPG";3,65;3,65;10,763;80;1;1
"1801";"GSAH2800.JPG";2,94;2,94;16,581;81;1;1
"1802";"GSAH2801.JPG";2,63;2,63;20,135;64;1;1
"1803";"GSAH2802.JPG";2,38;2,38;23,434;82;1;1
"1804";"GSAH2803.JPG";2,74;2,74;18,798;39;1;1
"1805";"GSAH2804.JPG";1,59;1,59;37,871;81;1;1
"1806";"GSAH2805.JPG";1,43;1,43;41,667;86;1;1
"1807";"GSAH2806.JPG";1,33;1,33;44,423;70;1;1
"1808";"GSAH2807.JPG";1,4;1,4;42,442;53;1;1
"1809";"GSAH2808.JPG";1,28;1,28;45,851;82;1;1
"1810";"GSAH2809.JPG";1,33;1,33;44,493;76;1;1
"1811";"GSAH2810.JPG";2,04;2,04;28,74;35;1;1
"1812";"GSAH2811.JPG";2,1;2,1;27,686;84;1;1
"1813";"GSAH2812.JPG";2,85;2,85;17,588;77;1;1
"1814";"GSAH2813.JPG";4,03;4,03;8,53;81;1;1
"1815";"GSAH2814.JPG";6,2;6,2;2,279;70;1;1
"1816";"GSAH2815.JPG";6,75;6,75;1,62;76;1;1
"1817";"GSAH2816.JPG";6,41;6,41;1,996;78;1;1
"1818";"GSAH2817.JPG";6,17;6,17;2,321;64;1;1
"1819";"GSAH2818.JPG";4,78;4,78;5,405;64;1;1
"1820";"GSAH2819.JPG";4,08;4,08;8,31;77;1;1
"1821";"GSAH2820.JPG";3,64;3,64;10,869;64;1;1
"1822";"GSAH2821.JPG";3,78;3,78;9,942;86;1;1
"1823";"GSAH2822.JPG";3,74;3,74;10,177;86;1;1
"1824";"GSAH2823.JPG";3,93;3,93;9,109;78;1;1
"1825";"GSAH2824.JPG";3,83;3,83;9,646;63;1;1
"1826";"GSAH2825.JPG";4,18;4,18;7,796;78;1;1
"1827";"GSAH2826.JPG";3,39;3,39;12,615;68;1;1
"1828";"GSAH2827.JPG";3,33;3,33;13,075;66;1;1
"1829";"GSAH2828.JPG";3,99;3,99;8,771;78;1;1
"1830";"GSAH2829.JPG";3,92;3,92;9,111;64;1;1
"1831";"GSAH2830.JPG";3,48;3,48;11,963;66;1;1
"1832";"GSAH2831.JPG";4,24;4,24;7,497;64;1;1
"1833";"GSAH2832.JPG";4,05;4,05;8,416;79;1;1
"1834";"GSAH2833.JPG";4,38;4,38;6,912;69;1;1
"1835";"GSAH2834.JPG";4;4;8,683;76;1;1
"1836";"GSAH2835.JPG";3,32;3,32;13,183;77;1;1
"1837";"GSAH2836.JPG";3,4;3,4;12,575;45;1;1
"1838";"GSAH2837.JPG";4,2;4,2;7,693;76;1;1
"1839";"GSAH2838.JPG";3,64;3,64;10,815;25;1;1
"1840";"GSAH2839.JPG";3,27;3,27;13,567;78;1;1
"1841";"GSAH2840.JPG";3,61;3,61;11,063;78;1;1
"1842";"GSAH2841.JPG";3,34;3,34;12,982;13;1;1
"1843";"GSAH2842.JPG";3,86;3,86;9,48;64;1;1
"1844";"GSAH2843.JPG";3,95;3,95;8,953;82;1;1
"1845";"GSAH2844.JPG";4,37;4,37;6,962;62;1;1
"1846";"GSAH2845.JPG";3,46;3,46;12,073;76;1;1
"1847";"GSAH2846.JPG";3,52;3,52;11,648;86;1;1
"1848";"GSAH2847.JPG";3,53;3,53;11,566;78;1;1
"1849";"GSAH2848.JPG";3,38;3,38;12,676;69;1;1
"1850";"GSAH2849.JPG";4,27;4,27;7,368;64;1;1
"1851";"GSAH2850.JPG";4,7;4,7;5,672;46;1;1
"1852";"GSAH2851.JPG";3,62;3,62;10,965;11;1;1
"1853";"GSAH2852.JPG";3,31;3,31;13,266;86;1;1
"1854";"GSAH2853.JPG";3,34;3,34;12,99;78;1;1
"1855";"GSAH2854.JPG";3,69;3,69;10,544;81;1;1
"1856";"GSAH2855.JPG";3,54;3,54;11,543;39;1;1
"1857";"GSAH2856.JPG";4,06;4,06;8,368;78;1;1
"1858";"GSAH2857.JPG";3,5;3,5;11,821;70;1;1
"1859";"GSAH2858.JPG";3,31;3,31;13,232;77;1;1
"1860";"GSAH2859.JPG";3,24;3,24;13,875;62;1;1
"1861";"GSAH2860.JPG";3,18;3,18;14,341;84;1;1
"1862";"GSAH2861.JPG";3,59;3,59;11,157;24;1;1
"1863";"GSAH2862.JPG";3,69;3,69;10,499;69;1;1
"1864";"GSAH2863.JPG";3,23;3,23;13,919;66;1;1
"1865";"GSAH2864.JPG";3,09;3,09;15,168;70;1;1
"1866";"GSAH2865.JPG";3,13;3,13;14,825;81;1;1
"1867";"GSAH2866.JPG";3;3;16,03;78;1;1
"1868";"GSAH2867.JPG";3,33;3,33;13,083;25;1;1
"1869";"GSAH2868.JPG";2,97;2,97;16,286;65;1;1
"1870";"GSAH2869.JPG";3,14;3,14;14,671;70;1;1
"1871";"GSAH2870.JPG";3,16;3,16;14,539;67;1;1
"1872";"GSAH2871.JPG";2,38;2,38;23,385;77;1;1
"1873";"GSAH2872.JPG";2,18;2,18;26,444;70;1;1
"1874";"GSAH2873.JPG";1,9;1,9;31,278;76;1;1
"1875";"GSAH2874.JPG";1,76;1,76;34,227;82;1;1
"1876";"GSAH2875.JPG";1,77;1,77;33,967;78;1;1
"1877";"GSAH2876.JPG";1,8;1,8;33,305;78;1;1
"1878";"GSAH2877.JPG";2,86;2,86;17,489;77;1;1
"1879";"GSAH2878.JPG";2,69;2,69;19,329;55;1;1
"1880";"GSAH2879.JPG";4,15;4,15;7,943;64;1;1
"1881";"GSAH2880.JPG";3,14;3,14;14,753;70;1;1
"1882";"GSAH2881.JPG";3,08;3,08;15,253;64;1;1
"1883";"GSAH2882.JPG";3,16;3,16;14,574;78;1;1
"1884";"GSAH2883.JPG";3,24;3,24;13,856;77;1;1
"1885";"GSAH2884.JPG";3,21;3,21;14,074;70;1;1
"1886";"GSAH2885.JPG";3,01;3,01;15,916;69;1;1
"1887";"GSAH2886.JPG";2,76;2,76;18,52;69;1;1
"1888";"GSAH2887.JPG";2,68;2,68;19,52;77;1;1
"1889";"GSAH2888.JPG";2,84;2,84;17,707;81;1;1
"1890";"GSAH2889.JPG";2,91;2,91;16,906;68;1;1
"1891";"GSAH2890.JPG";3,18;3,18;14,399;68;1;1
"1892";"GSAH2891.JPG";2,98;2,98;16,236;67;1;1
"1893";"GSAH2892.JPG";2,98;2,98;16,206;69;1;1
"1894";"GSAH2893.JPG";2,82;2,82;17,861;69;1;1
"1895";"GSAH2894.JPG";2,81;2,81;17,966;76;1;1
"1896";"GSAH2895.JPG";2,77;2,77;18,433;78;1;1
"1897";"GSAH2896.JPG";2,69;2,69;19,409;68;1;1
"1898";"GSAH2897.JPG";3,24;3,24;13,832;64;1;1
"1899";"GSAH2898.JPG";3,44;3,44;12,249;69;1;1
"1900";"GSAH2899.JPG";3,35;3,35;12,962;70;1;1
"1901";"GSAH2900.JPG";3,43;3,43;12,353;67;1;1
"1902";"GSAH2901.JPG";3,04;3,04;15,593;86;1;1
"1903";"GSAH2902.JPG";4,52;4,52;6,333;67;1;1
"1904";"GSAH2903.JPG";4,32;4,32;7,16;86;1;1
"1905";"GSAH2904.JPG";4,37;4,37;6,946;78;1;1
"1906";"GSAH2905.JPG";4,46;4,46;6,571;86;1;1
"1907";"GSAH2906.JPG";3,36;3,36;12,831;66;1;1
"1908";"GSAH2907.JPG";3,29;3,29;13,383;63;1;1
"1909";"GSAH2908.JPG";3,74;3,74;10,18;81;1;1
"1910";"GSAH2909.JPG";3,65;3,65;10,764;70;1;1
"1911";"GSAH2910.JPG";3,3;3,3;13,304;86;1;1
"1912";"GSAH2911.JPG";3,4;3,4;12,58;81;1;1
"1913";"GSAH2912.JPG";3,14;3,14;14,738;14;1;1
"1914";"GSAH2913.JPG";3,33;3,33;13,115;68;1;1
"1915";"GSAH2914.JPG";3,25;3,25;13,717;69;1;1
"1916";"GSAH2915.JPG";3,22;3,22;14,024;66;1;1
"1917";"GSAH2916.JPG";2,71;2,71;19,074;82;1;1
"1918";"GSAH2917.JPG";2,76;2,76;18,52;76;1;1
"1919";"GSAH2918.JPG";2,93;2,93;16,7;68;1;1
"1920";"GSAH2919.JPG";2,76;2,76;18,553;69;1;1
"1921";"GSAH2920.JPG";3,03;3,03;15,775;67;1;1
"1922";"GSAH2921.JPG";2,81;2,81;17,976;86;1;1
"1923";"GSAH2922.JPG";3,31;3,31;13,243;70;1;1
"1924";"GSAH2923.JPG";3,33;3,33;13,106;70;1;1
"1925";"GSAH2924.JPG";3,39;3,39;12,635;80;1;1
"1926";"GSAH2925.JPG";3,1;3,1;15,075;81;1;1
"1927";"GSAH2926.JPG";3,41;3,41;12,442;70;1;1
"1928";"GSAH2927.JPG";3,38;3,38;12,715;70;1;1
"1929";"GSAH2928.JPG";3,37;3,37;12,777;69;1;1
"1930";"GSAH2929.JPG";3,61;3,61;11,059;53;1;1
"1931";"GSAH2930.JPG";2,9;2,9;16,998;67;1;1
"1932";"GSAH2931.JPG";2,93;2,93;16,722;14;1;1
"1933";"GSAH2932.JPG";6;6;2,565;64;1;1
"1934";"GSAH2933.JPG";3,04;3,04;15,627;62;1;1
"1935";"GSAH2934.JPG";2,63;2,63;20,092;66;1;1
"1936";"GSAH2935.JPG";3,55;3,55;11,472;76;1;1
"1937";"GSAH2936.JPG";3,3;3,3;13,347;67;1;1
"1938";"GSAH2937.JPG";3,48;3,48;11,926;70;1;1
"1939";"GSAH2938.JPG";3,48;3,48;11,977;76;1;1
"1940";"GSAH2939.JPG";3,22;3,22;14,018;25;1;1
"1941";"GSAH2940.JPG";2,91;2,91;16,904;70;1;1
"1942";"GSAH2941.JPG";3,4;3,4;12,565;80;1;1
"1943";"GSAH2942.JPG";3,01;3,01;15,897;86;1;1
"1944";"GSAH2943.JPG";3,18;3,18;14,347;70;1;1
"1945";"GSAH2944.JPG";3,95;3,95;8,97;67;1;1
"1946";"GSAH2945.JPG";3,55;3,55;11,475;64;1;1
"1947";"GSAH2946.JPG";3,68;3,68;10,567;78;1;1
"1948";"GSAH2947.JPG";2,57;2,57;20,855;86;1;1
"1949";"GSAH2948.JPG";1,87;1,87;31,861;66;1;1
"1950";"GSAH2949.JPG";1,74;1,74;34,54;81;1;1
"1951";"GSAH2950.JPG";1,43;1,43;41,681;76;1;1
"1952";"GSAH2951.JPG";1,36;1,36;43,497;80;1;1
"1953";"GSAH2952.JPG";1,48;1,48;40,432;68;1;1
"1954";"GSAH2953.JPG";1,29;1,29;45,402;70;1;1
"1955";"GSAH2954.JPG";1,57;1,57;38,404;67;1;1
"1956";"GSAH2955.JPG";1,66;1,66;36,22;81;1;1
"1957";"GSAH2956.JPG";2,58;2,58;20,696;70;1;1
"1958";"GSAH2957.JPG";1,28;1,28;45,767;78;1;1
"1959";"GSAH2958.JPG";1,41;1,41;42,414;78;1;1
"1960";"GSAH2959.JPG";1,3;1,3;45,33;70;1;1
"1961";"GSAH2960.JPG";1,37;1,37;43,456;70;1;1
"1962";"GSAH2961.JPG";1,7;1,7;35,376;85;1;1
"1963";"GSAH2962.JPG";1,61;1,61;37,393;62;1;1
"1964";"GSAH2963.JPG";2,11;2,11;27,563;78;1;1
"1965";"GSAH2964.JPG";2,08;2,08;28,042;69;1;1
"1966";"GSAH2965.JPG";2,11;2,11;27,536;86;1;1
"1967";"GSAH2966.JPG";2,2;2,2;26,13;64;1;1
"1968";"GSAH2967.JPG";2,32;2,32;24,334;67;1;1
"1969";"GSAH2968.JPG";1,82;1,82;32,849;81;1;1
"1970";"GSAH2969.JPG";2,26;2,26;25,191;79;1;1
"1971";"GSAH2970.JPG";2,27;2,27;25,082;76;1;1
"1972";"GSAH2971.JPG";3,19;3,19;14,278;86;1;1
"1973";"GSAH2972.JPG";2,34;2,34;23,969;69;1;1
"1974";"GSAH2973.JPG";2,22;2,22;25,805;67;1;1
"1975";"GSAH2974.JPG";2,35;2,35;23,848;86;1;1
"1976";"GSAH2975.JPG";2,71;2,71;19,163;86;1;1
"1977";"GSAH2976.JPG";2,44;2,44;22,515;75;1;1
"1978";"GSAH2977.JPG";2,7;2,7;19,253;85;1;1
"1979";"GSAH2978.JPG";2,56;2,56;21,021;81;1;1
"1980";"GSAH2979.JPG";2,39;2,39;23,219;78;1;1
"1981";"GSAH2980.JPG";2,57;2,57;20,822;78;1;1
"1982";"GSAH2981.JPG";2,51;2,51;21,598;85;1;1
"1983";"GSAH2982.JPG";2,71;2,71;19,121;69;1;1
"1984";"GSAH2983.JPG";3,21;3,21;14,056;63;1;1
"1985";"GSAH2984.JPG";2,92;2,92;16,805;77;1;1
"1986";"GSAH2985.JPG";3,2;3,2;14,168;86;1;1
"1987";"GSAH2986.JPG";2,84;2,84;17,657;46;1;1
"1988";"GSAH2987.JPG";2,78;2,78;18,376;70;1;1
"1989";"GSAH2988.JPG";3,17;3,17;14,479;55;1;1
"1990";"GSAH2989.JPG";3,22;3,22;13,975;77;1;1
"1991";"GSAH2990.JPG";2,88;2,88;17,252;69;1;1
"1992";"GSAH2991.JPG";3,62;3,62;10,95;78;1;1
"1993";"GSAH2992.JPG";3,96;3,96;8,909;81;1;1
"1994";"GSAH2993.JPG";3,73;3,73;10,248;86;1;1
"1995";"GSAH2994.JPG";3,38;3,38;12,685;84;1;1
"1996";"GSAH2995.JPG";3,02;3,02;15,789;21;1;1
"1997";"GSAH2996.JPG";3,27;3,27;13,619;55;1;1
"1998";"GSAH2997.JPG";3,27;3,27;13,608;70;1;1
"1999";"GSAH2998.JPG";3,34;3,34;13,024;86;1;1
"2000";"GSAH2999.JPG";3,33;3,33;13,13;82;1;1
"2001";"GSAH3000.JPG";3,04;3,04;15,662;82;1;1
"2002";"GSAH3001.JPG";3,28;3,28;13,511;76;1;1
"2003";"GSAH3002.JPG";3,05;3,05;15,567;77;1;1
"2004";"GSAH3003.JPG";2,84;2,84;17,671;77;1;1
"2005";"GSAH3004.JPG";2,83;2,83;17,751;76;1;1
"2006";"GSAH3005.JPG";2,58;2,58;20,648;64;1;1
"2007";"GSAH3006.JPG";3,23;3,23;13,891;81;1;1
"2008";"GSAH3007.JPG";3,07;3,07;15,389;64;1;1
"2009";"GSAH3008.JPG";3,11;3,11;14,966;66;1;1
"2010";"GSAH3009.JPG";2,99;2,99;16,119;70;1;1
"2011";"GSAH3010.JPG";3,08;3,08;15,293;70;1;1
"2012";"GSAH3011.JPG";3,4;3,4;12,589;78;1;1
"2013";"GSAH3012.JPG";3,24;3,24;13,826;70;1;1
"2014";"GSAH3013.JPG";3,37;3,37;12,815;14;1;1
"2015";"GSAH3014.JPG";3,13;3,13;14,767;66;1;1
"2016";"GSAH3015.JPG";3,52;3,52;11,638;46;1;1
"2017";"GSAH3016.JPG";3,49;3,49;11,86;81;1;1
"2018";"GSAH3017.JPG";3,5;3,5;11,789;70;1;1
"2019";"GSAH3018.JPG";3,26;3,26;13,704;78;1;1
"2020";"GSAH3019.JPG";2,79;2,79;18,248;69;1;1
"2021";"GSAH3020.JPG";2,57;2,57;20,793;82;1;1
"2022";"GSAH3021.JPG";1,94;1,94;30,631;81;1;1
"2023";"GSAH3022.JPG";1,85;1,85;32,347;67;1;1
"2024";"GSAH3023.JPG";1,65;1,65;36,634;70;1;1
"2025";"GSAH3024.JPG";1,59;1,59;37,895;64;1;1
"2026";"GSAH3025.JPG";1,65;1,65;36,45;25;1;1
"2027";"GSAH3026.JPG";1,64;1,64;36,828;70;1;1
"2028";"GSAH3027.JPG";1,7;1,7;35,401;86;1;1
"2029";"GSAH3028.JPG";1,98;1,98;29,905;79;1;1
"2030";"GSAH3029.JPG";2,72;2,72;19,026;67;1;1
"2031";"GSAH3030.JPG";2,11;2,11;27,527;77;1;1
"2032";"GSAH3031.JPG";2,08;2,08;28,062;76;1;1
"2033";"GSAH3032.JPG";1,86;1,86;32,141;66;1;1
"2034";"GSAH3033.JPG";1,85;1,85;32,381;77;1;1
"2035";"GSAH3034.JPG";1,91;1,91;31,132;84;1;1
"2036";"GSAH3035.JPG";2,08;2,08;28,176;86;1;1
"2037";"GSAH3036.JPG";2,02;2,02;29,152;64;1;1
"2038";"GSAH3037.JPG";1,97;1,97;29,991;77;1;1
"2039";"GSAH3038.JPG";2;2;29,587;86;1;1
"2040";"GSAH3039.JPG";2,1;2,1;27,818;70;1;1
"2041";"GSAH3040.JPG";2,02;2,02;29,077;69;1;1
"2042";"GSAH3041.JPG";1,59;1,59;37,994;86;1;1
"2043";"GSAH3042.JPG";2,59;2,59;20,57;81;1;1
